"Site","Plot","Treatment","Camera","Card","Cage","Netting","Carrion","Observer","Date","Time","Common.name","Group.Size","Individual.Observed","Age","Sex","Vigilant","Walking.hopping","Running","Foraging","Feeding","Interacting","Preening","Flying","Loafing","Unknown","Other","Defecating","Note","Save","Why","Functional"
"GG",5,"MH",NA,"418","Y","N ","Mass","DSM",2019-05-14,"22:54","Coyote",1,1,"Adult","Unknown",0,1,0,0,0,0,0,0,0,0,0,0,"not in plot","","","Scavenger"
"GG",5,"MH",NA,"418","Y","N ","Mass","DSM",2019-06-16,"23:16","Coyote",1,1,"Adult","Unknown",0,1,0,0,0,0,0,0,0,0,0,0,"not in plot","","","Scavenger"
"GG",5,"MH",NA,"418","Y","N ","Mass","DSM",2019-06-30,"0:42","Coyote",1,1,"Adult","Unknown",0,1,0,0,0,0,0,0,0,0,0,0,"not in plot","","","Scavenger"
"DF",3,"MH",NA,"420","N","N","Mass","DSM",2019-04-19,"22:19","Coyote",1,1,"Adult","Unknown",0,0,1,0,0,0,0,0,0,2,0,0,"edge of plot, runs away","","","Scavenger"
"DF",3,"MH",NA,"420","N","N","Mass","DSM",2019-04-19,"22:27","Coyote",1,1,"Adult","Unknown",0,0,1,0,0,0,0,0,0,2,0,0,"edge of plot, runs away","","","Scavenger"
"DF",3,"MH",NA,"420","N","N","Mass","DSM",2019-04-19,"22:36","Coyote",1,1,"Adult","Unknown",2,0,0,1,0,0,0,0,0,0,0,0,"","","","Scavenger"
"DF",3,"MH",NA,"420","N","N","Mass","DSM",2019-04-19,"23:24","Coyote",1,1,"Adult","Unknown",0,2,0,1,0,0,0,0,0,0,0,0,"edge of plot","","","Scavenger"
"DF",3,"MH",NA,"420","N","N","Mass","DSM",2019-04-20,"2:07","Coyote",1,1,"Adult","Unknown",3,2,0,1,0,0,0,0,0,0,0,0,"edge of plot","","","Scavenger"
"DF",3,"MH",NA,"420","N","N","Mass","DSM",2019-04-20,"4:58","Coyote",1,1,"Adult","Unknown",0,1,0,0,0,0,0,0,0,2,0,0,"edge of plot, runs away","","","Scavenger"
"DF",3,"MH",NA,"420","N","N","Mass","DSM",2019-04-20,"6:06","Coyote",1,1,"Adult","Unknown",0,0,1,0,0,0,0,0,0,2,0,0,"runs out of plot","","","Scavenger"
"DF",3,"MH",NA,"420","N","N","Mass","DSM",2019-04-21,"0:56","Coyote",1,1,"Adult","Unknown",0,2,3,1,0,0,0,0,0,0,0,0,"edge of plot","","","Scavenger"
"DF",3,"MH",NA,"420","N","N","Mass","DSM",2019-04-21,"1:01","Coyote",1,1,"Adult","Unknown",1,2,0,0,0,0,0,0,0,0,0,0,"","","","Scavenger"
"DF",3,"MH",NA,"420","N","N","Mass","DSM",2019-04-26,"1:41","Coyote",1,1,"Adult","Unknown",0,0,1,0,0,0,0,0,0,0,0,0,"","4260074","coyote and opossum","Scavenger"
"DF",3,"MH",NA,"420","N","N","Mass","DSM",2019-04-26,"4:24","Coyote",1,1,"Adult","Unknown",2,0,0,0,1,0,0,0,0,0,0,0,"coyote tries to grab part of pig","","","Scavenger"
"DF",3,"MH",NA,"420","N","N","Mass","DSM",2019-04-26,"4:33","Coyote",1,1,"Adult","Unknown",2,0,0,0,1,0,0,0,0,3,0,0,"coyote looks up at something","","","Scavenger"
"DF",3,"MH",NA,"420","N","N","Mass","DSM",2019-04-26,"4:39","Coyote",1,1,"Adult","Unknown",2,0,1,0,0,0,0,0,0,0,0,0,"edge of plot","","","Scavenger"
"DF",3,"MH",NA,"420","N","N","Mass","DSM",2019-04-26,"4:45","Coyote",1,1,"Adult","Unknown",0,0,2,0,0,0,0,0,0,1,0,0,"outside of plot","","","Scavenger"
"DF",3,"MH",NA,"420","N","N","Mass","DSM",2019-04-27,"3:20","Coyote",2,1,"Adult","Unknown",0,0,0,0,0,0,0,0,0,1,0,0,"outside of plot, could be eating","","","Scavenger"
"DF",3,"MH",NA,"420","N","N","Mass","DSM",2019-04-27,"3:20","Coyote",2,2,"Adult","Unknown",2,0,1,0,0,0,0,0,0,0,0,0,"edge of plot","","","Scavenger"
"DF",3,"MH",NA,"420","N","N","Mass","DSM",2019-05-01,"2:22","Coyote",1,1,"Adult","Unknown",1,0,0,0,0,0,0,0,0,0,0,0,"edge of plot","","","Scavenger"
"DF",3,"MH",NA,"420","N","N","Mass","DSM",2019-05-02,"5:15","Coyote",1,1,"Adult","Unknown",0,0,1,2,0,0,0,0,0,0,0,0,"","","","Scavenger"
"DF",3,"MH",NA,"420","N","N","Mass","DSM",2019-05-05,"5:59","Coyote",1,1,"Adult","Unknown",0,2,0,0,0,0,0,0,0,1,0,0,"foggy camera","","","Scavenger"
"DF",3,"MH",NA,"420","Y","N","Mass","DSM",2019-05-09,"22:36","Coyote",1,1,"Adult","Unknown",0,0,1,0,0,0,0,0,0,2,0,0,"edge of plot, runs out of view","","","Scavenger"
"DF",3,"MH",NA,"420","Y","N","Mass","DSM",2019-05-25,"4:29","Coyote",1,1,"Adult","Unknown",0,2,0,0,0,0,0,0,0,1,0,0,"edge of plot, walks out of view","","","Scavenger"
"GG",1,"CO",NA,"422","N","N ","Single","DSM",2019-04-18,"21:44","Coyote",1,1,"Adult","Unknown",0,0,1,0,0,0,0,1,0,0,0,0,"","","","Scavenger"
"GG",1,"CO",NA,"422","N","N ","Single","DSM",2019-04-18,"22:25","Coyote",2,1,"Adult","Unknown",0,1,0,2,0,0,0,0,0,0,0,0,"","4180067","ID practice","Scavenger"
"GG",1,"CO",NA,"422","N","N ","Single","DSM",2019-04-18,"22:25","Coyote",2,2,"Adult","Unknown",0,0,0,0,0,0,0,0,0,1,0,0,"not in plot","4180067","","Scavenger"
"GG",1,"CO",NA,"422","N","N ","Single","DSM",2019-04-18,"22:48","Coyote",1,1,"Adult","Unknown",3,1,0,2,0,0,0,0,0,0,0,0,"","","","Scavenger"
"GG",1,"CO",NA,"422","N","N ","Single","DSM",2019-04-18,"22:55","Coyote",1,1,"Adult","Unknown",0,0,1,0,0,0,0,0,0,0,0,0,"","","","Scavenger"
"GG",1,"CO",NA,"422","N","N ","Single","DSM",2019-04-18,"23:15","Coyote",1,1,"Adult","Unknown",0,0,1,0,0,0,0,0,0,0,0,0,"","","","Scavenger"
"GG",1,"CO",NA,"422","N","N ","N","DSM",2019-04-19,"20:02","Coyote",1,1,"Adult","Unknown",0,0,1,0,0,0,0,0,0,0,0,0,"","","","Scavenger"
"GG",1,"CO",NA,"422","N","N ","N","DSM",2019-04-19,"21:23","Coyote",1,1,"Adult","Unknown",2,1,0,3,0,0,0,0,0,0,0,0,"","","","Scavenger"
"GG",1,"CO",NA,"422","N","N ","N","DSM",2019-04-19,"22:22","Coyote",1,1,"Adult","Unknown",0,1,0,2,0,0,0,0,0,3,0,0,"","","","Scavenger"
"GG",1,"CO",NA,"422","N","N ","N","DSM",2019-04-19,"22:46","Coyote",1,1,"Adult","Unknown",2,1,0,3,4,0,0,0,0,0,0,0,"","","","Scavenger"
"GG",1,"CO",NA,"422","N","N ","N","DSM",2019-04-20,"1:18","Coyote",1,1,"Adult","Unknown",0,0,1,0,0,0,0,0,0,0,0,0,"","","","Scavenger"
"GG",1,"CO",NA,"422","N","N ","N","DSM",2019-04-20,"1:44","Coyote",1,1,"Adult","Unknown",2,3,0,0,0,0,1,0,0,0,0,0,"","","","Scavenger"
"GG",1,"CO",NA,"422","N","N ","N","DSM",2019-04-20,"3:58","Coyote",1,1,"Adult","Unknown",1,2,0,3,0,0,0,0,0,0,0,0,"","","","Scavenger"
"GG",1,"CO",NA,"422","N","N ","N","DSM",2019-04-20,"4:57","Coyote",1,1,"Adult","Unknown",2,0,1,0,0,0,0,0,0,0,0,0,"","","","Scavenger"
"GG",1,"CO",NA,"422","N","N ","N","DSM",2019-04-20,"6:07","Coyote",1,1,"Adult","Unknown",0,0,1,2,0,0,0,0,0,0,0,0,"","","","Scavenger"
"GG",1,"CO",NA,"422","N","N ","N","DSM",2019-04-21,"0:48","Coyote",1,1,"Adult","Unknown",1,3,2,0,0,0,0,0,0,0,0,0,"","","","Scavenger"
"GG",1,"CO",NA,"422","N","N ","N","DSM",2019-04-21,"22:19","Coyote",1,1,"Adult","Unknown",0,1,0,0,0,0,0,0,0,0,0,0,"","","","Scavenger"
"GG",1,"CO",NA,"422","N","N ","N","DSM",2019-04-22,"5:03","Coyote",1,1,"Adult","Unknown",0,0,1,0,0,0,0,0,0,0,0,0,"","","","Scavenger"
"GG",1,"CO",NA,"422","N","N ","N","DSM",2019-04-22,"1:54","Coyote",1,1,"Adult","Unknown",0,1,0,0,0,0,0,0,0,0,0,0,"","","","Scavenger"
"GG",1,"CO",NA,"422","N","N ","N","DSM",2019-04-24,"8:35","Coyote",1,1,"Adult","Unknown",0,0,1,0,0,0,0,0,0,0,0,0,"","","","Scavenger"
"GG",1,"CO",NA,"422","N","N ","N","DSM",2019-04-25,"1:05","Coyote",1,1,"Adult","Unknown",0,0,1,0,0,0,0,0,0,0,0,0,"","","","Scavenger"
"GG",1,"CO",NA,"422","N","N ","N","DSM",2019-04-25,"1:55","Coyote",1,1,"Adult","Unknown",0,1,0,0,0,0,0,0,0,0,0,0,"","","","Scavenger"
"GG",1,"CO",NA,"422","N","N ","N","DSM",2019-04-25,"2:30","Coyote",1,1,"Adult","Unknown",2,1,0,0,0,0,0,0,0,0,0,0,"","","","Scavenger"
"GG",1,"CO",NA,"422","N","N ","N","DSM",2019-04-26,"4:43","Coyote",1,1,"Adult","Unknown",2,1,0,0,0,0,0,0,0,0,0,0,"","","","Scavenger"
"GG",1,"CO",NA,"422","N","N ","N","DSM",2019-04-27,"2:49","Coyote",1,1,"Adult","Unknown",2,1,0,0,0,0,0,0,0,0,0,0,"","","","Scavenger"
"GG",1,"CO",NA,"422","N","N ","N","DSM",2019-04-27,"13:27","Coyote",1,1,"Adult","Unknown",0,2,0,1,0,0,0,0,0,0,0,0,"","4270115","coyote with mange","Scavenger"
"GG",1,"CO",NA,"422","N","N ","N","DSM",2019-04-27,"14:48","Coyote",1,1,"Adult","Unknown",2,1,0,0,0,0,0,0,0,0,0,0,"","","coyote with mange","Scavenger"
"GG",1,"CO",NA,"422","N","N ","N","DSM",2019-04-27,"17:21","Coyote",1,1,"Adult","Unknown",2,0,1,0,0,0,0,0,0,0,0,0,"","","coyote with mange","Scavenger"
"GG",1,"CO",NA,"422","N","N ","N","DSM",2019-04-27,"18:24","Coyote",1,1,"Adult","Unknown",0,0,1,0,0,0,0,0,0,0,0,0,"","","coyote with mange","Scavenger"
"GG",1,"CO",NA,"422","N","N ","N","DSM",2019-04-27,"20:45","Coyote",1,1,"Adult","Unknown",0,0,1,0,0,0,0,0,0,0,0,0,"","","","Scavenger"
"GG",1,"CO",NA,"422","N","N ","N","DSM",2019-04-27,"20:54","Coyote",1,1,"Adult","Unknown",0,0,1,0,0,0,0,0,0,0,0,0,"","","","Scavenger"
"GG",1,"CO",NA,"422","N","N ","N","DSM",2019-04-28,"3:43","Coyote",1,1,"Adult","Unknown",0,2,0,0,0,0,1,0,0,0,0,0,"","","","Scavenger"
"GG",1,"CO",NA,"422","N","N ","N","DSM",2019-04-28,"22:40","Coyote",1,1,"Adult","Unknown",0,1,0,0,0,0,0,0,0,0,0,0,"","","","Scavenger"
"GG",1,"CO",NA,"422","N","N ","N","DSM",2019-04-29,"22:26","Coyote",1,1,"Adult","Unknown",0,0,1,0,0,0,0,0,0,0,0,0,"","","","Scavenger"
"GG",1,"CO",NA,"422","N","N ","N","DSM",2019-04-29,"22:45","Coyote",1,1,"Adult","Unknown",0,1,0,2,0,0,0,0,0,0,0,0,"","","","Scavenger"
"GG",1,"CO",NA,"422","N","N ","N","DSM",2019-04-29,"22:55","Coyote",1,1,"Adult","Unknown",0,1,0,0,0,0,0,0,0,0,0,0,"","","","Scavenger"
"GG",1,"CO",NA,"422","N","N ","N","DSM",2019-05-01,"5:55","Coyote",1,1,"Adult","Unknown",0,0,1,2,0,0,0,0,0,0,0,0,"","","","Scavenger"
"GG",1,"CO",NA,"422","N","N ","N","DSM",2019-05-02,"3:31","Coyote",1,1,"Adult","Unknown",1,0,0,0,0,0,0,0,0,0,0,0,"","","","Scavenger"
"GG",1,"CO",NA,"422","N","N ","N","DSM",2019-05-02,"21:08","Coyote",1,1,"Adult","Unknown",0,1,0,0,0,0,0,0,0,0,0,0,"","","","Scavenger"
"GG",1,"CO",NA,"422","N","N ","N","DSM",2019-05-22,"2:42","Coyote",1,1,"Adult","Unknown",0,1,0,0,0,0,0,0,0,0,0,0,"","","","Scavenger"
"GG",1,"CO",NA,"422","N","N ","N","DSM",2019-06-01,"0:27","Coyote",1,1,"Adult","Unknown",0,1,0,0,0,0,0,0,0,0,0,0,"","","","Scavenger"
"GG",1,"CO",NA,"422","N","N ","N","DSM",2019-06-10,"5:02","Coyote",1,1,"Adult","Unknown",0,0,1,0,0,0,0,0,0,0,0,0,"","","","Scavenger"
"GG",1,"CO",NA,"422","N","N ","N","DSM",2019-07-02,"20:59","Coyote",1,1,"Adult","Female",0,0,0,1,0,0,0,0,0,0,0,0,"","","","Scavenger"
"WP",3,"MH",NA,"430","N","N","Mass","DSM",2019-04-30,"23:24","Coyote",1,1,"Adult","Unknown",1,0,0,0,0,0,0,0,0,0,0,0,"","","","Scavenger"
"WP",3,"MH",NA,"430","N","N","Mass","DSM",2019-04-30,"23:29","Coyote",1,1,"Adult","Unknown",2,3,0,1,0,0,0,0,0,0,0,0,"","","","Scavenger"
"WP",3,"MH",NA,"430","N","N","Mass","DSM",2019-04-30,"23:35","Coyote",1,1,"Adult","Unknown",0,2,0,1,0,0,0,0,0,3,0,0,"walks to edgte of plot","","","Scavenger"
"WP",3,"MH",NA,"430","N","N","Mass","DSM",2019-04-30,"23:40","Coyote",1,1,"Adult","Unknown",0,3,2,1,0,0,0,0,0,0,0,0,"trots out of plot","","","Scavenger"
"DF",4,"MO",NA,"432","N","N","Mass","DSM",2019-04-19,"7:31","Coyote",1,1,"Adult","Unknown",0,0,0,0,1,0,0,0,0,0,0,0,"eating carcass","","","Scavenger"
"DF",4,"MO",NA,"432","N","N","Mass","DSM",2019-04-19,"7:36","Coyote",1,1,"Adult","Unknown",0,0,2,0,0,0,0,0,0,1,0,0,"runs out of plot","","","Scavenger"
"DF",4,"MO",NA,"432","N","N","Mass","DSM",2019-04-19,"22:42","Coyote",1,1,"Adult","Unknown",3,2,0,1,0,0,0,0,0,0,0,0,"","","","Scavenger"
"DF",4,"MO",NA,"432","N","N","Mass","DSM",2019-04-19,"22:48","Coyote",2,1,"Adult","Unknown",1,0,0,2,0,0,0,0,0,0,0,0,"","","","Scavenger"
"DF",4,"MO",NA,"432","N","N","Mass","DSM",2019-04-19,"22:48","Coyote",2,2,"Adult","Unknown",1,0,0,2,0,0,0,0,0,0,0,0,"edge of plot","","","Scavenger"
"DF",4,"MO",NA,"432","N","N","Mass","DSM",2019-04-19,"23:02","Coyote",2,2,"Adult","Unknown",0,3,0,2,0,0,0,0,0,1,0,0,"edge of plot","","","Scavenger"
"DF",4,"MO",NA,"432","N","N","Mass","DSM",2019-04-19,"23:02","Coyote",2,1,"Adult","Unknown",2,3,0,4,1,0,0,0,0,0,0,0,"","","","Scavenger"
"DF",4,"MO",NA,"432","N","N","Mass","DSM",2019-04-19,"23:22","Coyote",2,1,"Adult","Unknown",3,0,1,2,0,0,0,0,0,0,0,0,"edge of plot","","","Scavenger"
"DF",4,"MO",NA,"432","N","N","Mass","DSM",2019-04-19,"23:22","Coyote",2,2,"Adult","Unknown",0,1,0,2,0,0,0,0,0,3,0,0,"edge of plot","","","Scavenger"
"DF",4,"MO",NA,"432","N","N","Mass","DSM",2019-04-20,"1:20","Coyote",1,1,"Adult","Unknown",1,3,0,2,0,0,0,0,0,0,0,0,"edge of plot","","","Scavenger"
"DF",4,"MO",NA,"432","N","N","Mass","DSM",2019-04-20,"1:32","Coyote",1,1,"Adult","Unknown",1,2,3,0,0,0,0,0,0,0,0,0,"edge of plot","","","Scavenger"
"DF",4,"MO",NA,"432","N","N","Mass","DSM",2019-04-20,"2:20","Coyote",1,1,"Adult","Unknown",2,1,0,3,0,0,0,0,0,0,0,0,"edge of plot","","","Scavenger"
"DF",4,"MO",NA,"432","N","N","Mass","DSM",2019-04-20,"3:29","Coyote",1,1,"Adult","Unknown",1,2,0,0,3,0,0,0,0,0,0,0,"feeding on carcass","","","Scavenger"
"DF",4,"MO",NA,"432","N","N","Mass","DSM",2019-04-20,"3:44","Coyote",1,1,"Adult","Unknown",0,2,0,0,0,0,0,0,0,1,0,0,"edge of plot","","","Scavenger"
"DF",4,"MO",NA,"432","N","N","Mass","DSM",2019-04-20,"4:51","Coyote",1,1,"Adult","Unknown",3,2,0,1,0,0,0,0,0,0,0,0,"","","","Scavenger"
"DF",4,"MO",NA,"432","N","N","Mass","DSM",2019-04-20,"4:56","Coyote",1,1,"Adult","Unknown",0,2,0,0,0,0,0,0,0,1,0,0,"out of view","","","Scavenger"
"DF",4,"MO",NA,"432","N","N","Mass","DSM",2019-04-20,"5:21","Coyote",1,1,"Adult","Unknown",0,3,2,0,0,0,0,0,0,1,0,0,"edge of plot","","","Scavenger"
"DF",4,"MO",NA,"432","N","N","Mass","DSM",2019-04-20,"5:27","Coyote",2,1,"Adult","Unknown",1,2,0,0,0,0,0,0,0,1,0,0,"edge of plot","","","Scavenger"
"DF",4,"MO",NA,"432","N","N","Mass","DSM",2019-04-20,"5:27","Coyote",2,2,"Adult","Unknown",1,0,0,0,0,0,0,0,0,2,0,0,"edge of plot","","","Scavenger"
"DF",4,"MO",NA,"432","N","N","Mass","DSM",2019-04-20,"5:37","Coyote",1,1,"Adult","Unknown",0,2,0,0,0,0,0,0,0,1,0,0,"out of view","","","Scavenger"
"DF",4,"MO",NA,"432","N","N","Mass","DSM",2019-04-20,"6:04","Coyote",1,1,"Adult","Unknown",0,2,0,1,0,0,0,0,0,0,0,0,"","","","Scavenger"
"DF",4,"MO",NA,"432","N","N","Mass","DSM",2019-04-20,"6:45","Coyote",1,1,"Adult","Unknown",0,2,0,3,0,0,0,0,0,1,0,0,"","","","Scavenger"
"DF",4,"MO",NA,"432","N","N","Mass","DSM",2019-04-21,"5:29","Coyote",1,1,"Adult","Unknown",1,3,2,4,0,0,0,0,0,0,0,0,"gets scared","","","Scavenger"
"DF",4,"MO",NA,"432","N","N","Mass","DSM",2019-04-23,"1:23","Coyote",1,1,"Adult","Unknown",2,1,0,3,0,0,0,0,0,4,0,0,"runs out of plot","","","Scavenger"
"DF",2,"CS",NA,"433","Y","Y","Single","DSM",2019-04-19,"22:24","Coyote",1,1,"Adult","Unknown",0,0,0,0,0,0,0,2,0,1,0,0,"outside of plot","","","Scavenger"
"DF",2,"CS",NA,"433","Y","Y","Single","DSM",2019-04-19,"22:34","Coyote",1,1,"Adult","Unknown",0,0,0,0,0,0,0,2,0,1,0,0,"outside of plot","","","Scavenger"
"DF",2,"CS",NA,"433","Y","Y","Single","DSM",2019-04-19,"6:07","Coyote",1,1,"Adult","Unknown",0,0,0,0,0,0,0,2,0,1,0,0,"outside of plot","","","Scavenger"
"DF",2,"CS",NA,"433","Y","Y","Single","DSM",2019-05-09,"22:20","Coyote",1,1,"Adult","Unknown",3,0,1,0,0,0,0,0,0,0,2,0,"runs out of plot","","","Scavenger"
"DF",2,"CS",NA,"433","Y","Y","Single","DSM",2019-05-09,"22:37","Coyote",1,1,"Adult","Unknown",4,0,1,3,0,0,0,0,0,0,2,0,"runs out of plot","","","Scavenger"
"DF",2,"CS",NA,"433","Y","Y","Single","DSM",2019-05-09,"23:18","Coyote",1,1,"Adult","Unknown",0,0,2,0,0,0,0,0,0,0,1,0,"runs out of plot","","","Scavenger"
"DF",2,"CS",NA,"433","Y","Y","Single","DSM",2019-05-11,"3:57","Coyote",1,1,"Adult","Unknown",2,0,0,0,0,0,0,0,0,0,1,0,"walks out of plot","","","Scavenger"
"DF",2,"CS",NA,"433","Y","Y","Single","DSM",2019-05-14,"22:18","Coyote",1,1,"Adult","Unknown",0,2,0,0,0,0,0,0,0,0,1,0,"walks through plot","","","Scavenger"
"DF",2,"CS",NA,"433","Y","Y","Single","DSM",2019-05-16,"3:17","Coyote",1,1,"Adult","Unknown",0,2,0,0,0,0,0,0,0,0,1,0,"walks through plot","","","Scavenger"
"DF",2,"CS",NA,"433","Y","Y","Single","DSM",2019-05-19,"8:21","Coyote",1,1,"Adult","Unknown",0,0,2,0,0,0,0,0,0,0,1,0,"runs out of plot","","","Scavenger"
"DF",2,"CS",NA,"433","Y","Y","Single","DSM",2019-05-20,"0:48","Coyote",1,1,"Adult","Unknown",0,0,2,0,0,0,0,0,0,0,1,0,"runs through plot, maybe outside","","","Scavenger"
"DF",2,"CS",NA,"433","Y","Y","Single","DSM",2019-05-20,"3:03","Coyote",1,1,"Adult","Unknown",0,0,2,0,0,0,0,0,0,0,1,0,"runs through plot, maybe outside","","","Scavenger"
"DF",2,"CS",NA,"433","Y","Y","Single","DSM",2019-05-20,"3:15","Coyote",1,1,"Adult","Unknown",0,1,0,2,0,0,0,0,0,0,0,0,"","","","Scavenger"
"DF",2,"CS",NA,"433","Y","Y","Single","DSM",2019-05-22,"2:15","Coyote",1,1,"Adult","Unknown",0,0,2,0,0,0,0,0,0,0,1,0,"runs through plot","","","Scavenger"
"DF",2,"CS",NA,"433","Y","Y","Single","DSM",2019-05-22,"7:27","Coyote",1,1,"Adult","Unknown",0,0,2,0,0,0,0,0,0,0,1,0,"runs through plot","","","Scavenger"
"DF",2,"CS",NA,"433","Y","Y","Single","DSM",2019-05-23,"23:46","Coyote",1,1,"Adult","Unknown",0,2,0,0,0,0,0,0,0,0,1,0,"walks through plot","","","Scavenger"
"DF",2,"CS",NA,"433","Y","Y","Single","DSM",2019-05-29,"9:54","Coyote",1,1,"Adult","Unknown",0,2,0,1,0,0,0,0,0,0,0,0,"","","","Scavenger"
"DF",2,"CS",NA,"433","Y","Y","Single","DSM",2019-06-14,"5:56","Coyote",1,1,"Adult","Unknown",0,0,2,0,0,0,0,0,0,1,0,0,"outside of plot","","","Scavenger"
"DF",2,"CS",NA,"433","Y","Y","Single","DSM",2019-07-15,"7:47","Coyote",1,1,NA,NA,2,0,0,1,0,0,0,0,0,0,0,0,"","","","Scavenger"
"GG",6,"MO",NA,"436","Y","N","Mass","DSM",2019-04-21,"3:40","Coyote",1,1,"Adult","Unknown",1,2,0,0,0,0,0,0,0,0,0,0,"","","","Scavenger"
"GG",6,"MO",NA,"436","Y","N","Mass","DSM",2019-04-24,"8:27","Coyote",1,1,"Adult","Unknown",2,0,3,1,4,0,0,0,0,0,0,0,"","","","Scavenger"
"GG",6,"MO",NA,"436","Y","N","Mass","DSM",2019-04-25,"2:15","Coyote",1,1,"Adult","Unknown",0,0,3,1,0,0,0,0,0,2,0,0,"runs out of plot","","","Scavenger"
"GG",6,"MO",NA,"436","Y","N","Mass","DSM",2019-04-25,"2:32","Coyote",1,1,"Adult","Unknown",3,2,0,1,0,0,0,0,0,4,0,0,"walks out of plot","","","Scavenger"
"GG",6,"MO",NA,"436","Y","N","Mass","DSM",2019-04-25,"3:06","Coyote",1,1,"Adult","Unknown",3,2,0,0,0,0,0,0,0,1,0,0,"glare or fog","","","Scavenger"
"GG",6,"MO",NA,"436","Y","N","Mass","DSM",2019-04-27,"3:00","Coyote",1,1,"Adult","Unknown",0,1,0,0,0,0,0,0,0,2,0,0,"runs out of plot","","","Scavenger"
"GG",6,"MO",NA,"436","Y","N","Mass","DSM",2019-04-27,"3:22","Coyote",2,1,"Adult","Unknown",1,0,0,0,0,0,0,0,0,0,0,0,"","","","Scavenger"
"GG",6,"MO",NA,"436","Y","N","Mass","DSM",2019-04-27,"3:22","Coyote",2,2,"Adult","Unknown",1,0,0,0,0,0,0,0,0,0,0,0,"","","","Scavenger"
"GG",6,"MO",NA,"436","Y","N","Mass","DSM",2019-04-27,"13:07","Coyote",1,1,"Adult","Unknown",0,0,1,0,0,0,0,0,0,0,0,0,"edge of plot","","","Scavenger"
"GG",6,"MO",NA,"436","Y","N","Mass","DSM",2019-04-27,"17:27","Coyote",1,1,"Adult","Unknown",1,2,0,0,0,0,0,0,0,0,0,0,"mangy coyote","","","Scavenger"
"GG",6,"MO",NA,"436","Y","N","Mass","DSM",2019-04-29,"2:47","Coyote",1,1,"Adult","Unknown",0,2,0,1,0,0,0,0,0,0,0,0,"","","","Scavenger"
"GG",6,"MO",NA,"436","Y","N","Mass","DSM",2019-04-29,"4:30","Coyote",1,1,"Adult","Unknown",1,0,0,0,0,0,0,0,0,2,0,0,"outside of plot","","","Scavenger"
"GG",6,"MO",NA,"436","Y","N","Mass","DSM",2019-04-29,"8:00","Coyote",1,1,"Adult","Unknown",3,1,0,0,0,0,2,0,0,0,0,0,"","4290166","beautiful coyote clip fixing the fur","Scavenger"
"GG",6,"MO",NA,"436","Y","N","Mass","DSM",2019-04-29,"20:38","Coyote",1,1,"Adult","Unknown",0,2,0,1,0,0,0,0,0,0,0,0,"","","","Scavenger"
"GG",6,"MO",NA,"436","Y","N","Mass","DSM",2019-04-29,"20:53","Coyote",1,1,"Adult","Unknown",0,3,2,0,0,0,0,0,0,1,0,0,"runs out of plot","","","Scavenger"
"GG",6,"MO",NA,"436","Y","N","Mass","DSM",2019-04-29,"21:02","Coyote",1,1,"Adult","Unknown",0,0,2,0,0,0,0,0,0,1,0,0,"runs through plot","","","Scavenger"
"GG",6,"MO",NA,"436","Y","N","Mass","DSM",2019-04-29,"22:47","Coyote",2,2,"Adult","Unknown",1,0,0,0,0,0,0,0,0,0,0,0,"outside of plot","","","Scavenger"
"GG",6,"MO",NA,"436","Y","N","Mass","DSM",2019-04-29,"21:11","Coyote",1,1,"Adult","Unknown",0,0,0,0,1,0,0,0,0,0,0,0,"","4290175","coyote combing grasses with its mouth again. eating seeds or insects. not removing blades of grass","Scavenger"
"GG",6,"MO",NA,"436","Y","N","Mass","DSM",2019-04-29,"21:16","Coyote",1,1,"Adult","Unknown",0,3,0,1,2,0,0,0,0,0,0,0,"","","","Scavenger"
"GG",6,"MO",NA,"436","Y","N","Mass","DSM",2019-04-29,"22:47","Coyote",2,1,"Adult","Unknown",0,2,0,1,3,0,0,0,0,0,0,0,"","","","Scavenger"
"GG",6,"MO",NA,"436","Y","N","Mass","DSM",2019-04-30,"20:34","Coyote",1,1,"Adult","Unknown",0,2,0,0,0,0,0,0,0,1,0,0,"walks through plot","","","Scavenger"
"GG",6,"MO",NA,"436","Y","N","Mass","DSM",2019-04-30,"21:20","Coyote",1,1,"Adult","Unknown",0,2,0,1,0,0,0,0,0,0,0,0,"","","","Scavenger"
"GG",6,"MO",NA,"436","Y","N","Mass","DSM",2019-04-30,"21:25","Coyote",1,1,"Adult","Unknown",0,1,0,3,0,0,0,0,0,2,0,0,"walks out of plot","","","Scavenger"
"GG",6,"MO",NA,"436","Y","N","Mass","DSM",2019-04-30,"21:47","Coyote",2,1,"Adult","Unknown",1,0,0,0,0,0,0,0,0,0,0,0,"edge of plot","4300185","chewing on flies","Scavenger"
"GG",6,"MO",NA,"436","Y","N","Mass","DSM",2019-04-30,"21:47","Coyote",2,2,"Adult","Unknown",0,0,0,1,0,0,0,0,0,0,0,0,"","4300185","combing tree branch","Scavenger"
"GG",6,"MO",NA,"436","Y","N","Mass","DSM",2019-04-30,"22:00","Coyote",2,1,"Adult","Unknown",1,0,0,2,0,0,0,0,0,0,0,0,"","","","Scavenger"
"GG",6,"MO",NA,"436","Y","N","Mass","DSM",2019-04-30,"22:00","Coyote",2,2,"Adult","Unknown",1,0,0,3,0,0,0,0,0,2,0,0,"walks out of plot","","","Scavenger"
"GG",6,"MO",NA,"436","Y","N","Mass","DSM",2019-04-30,"22:24","Coyote",1,1,"Adult","Unknown",0,2,0,1,0,0,0,0,0,3,0,0,"walks out of plot","","","Scavenger"
"GG",6,"MO",NA,"436","Y","N","Mass","DSM",2019-04-30,"22:45","Coyote",2,1,"Adult","Unknown",1,0,0,0,0,0,0,0,0,0,0,0,"outside of plot","4300190","lightning and eyeglow","Scavenger"
"GG",6,"MO",NA,"436","Y","N","Mass","DSM",2019-04-30,"22:45","Coyote",2,2,"Adult","Unknown",2,1,0,0,0,0,0,0,0,3,0,0,"edge of plot","4300190","lightning and eyeglow","Scavenger"
"GG",6,"MO",NA,"436","Y","N","Mass","DSM",2019-04-30,"22:52","Coyote",1,1,"Adult","Unknown",2,3,0,1,0,0,0,0,0,0,0,0,"","","","Scavenger"
"GG",6,"MO",NA,"436","Y","N","Mass","DSM",2019-04-30,"23:49","Coyote",1,1,"Adult","Unknown",0,0,2,0,0,0,0,0,0,1,0,0,"runs through plot","","","Scavenger"
"GG",6,"MO",NA,"436","Y","N","Mass","DSM",2019-04-30,"22:18","Coyote",1,1,"Adult","Unknown",0,3,0,0,1,0,0,0,0,2,0,0,"walks out of plot","4300188","eating flies again","Scavenger"
"GG",6,"MO",NA,"436","Y","N","Mass","DSM",2019-04-30,"0:16","Coyote",1,1,"Adult","Unknown",0,2,0,1,3,0,0,0,0,0,0,0,"","","","Scavenger"
"GG",6,"MO",NA,"436","Y","N","Mass","DSM",2019-04-30,"21:36","Coyote",1,1,"Adult","Unknown",0,1,0,0,3,0,0,0,0,2,0,0,"walks through plot","4300184","chewing on flies","Scavenger"
"GG",6,"MO",NA,"436","Y","N","Mass","DSM",2019-05-01,"0:34","Coyote",1,1,"Adult","Unknown",0,0,4,1,0,0,0,0,0,2,3,0,"grabs a piece of carrion and runs away","5010193","removing carrion","Scavenger"
"GG",6,"MO",NA,"436","Y","N","Mass","DSM",2019-05-01,"1:24","Coyote",2,1,"Adult","Unknown",2,0,1,3,0,0,0,0,0,0,0,0,"","","","Scavenger"
"GG",6,"MO",NA,"436","Y","N","Mass","DSM",2019-05-01,"15:46","Coyote",1,1,"Adult","Unknown",0,2,0,0,0,0,0,0,0,1,0,0,"walks through plot","","","Scavenger"
"GG",6,"MO",NA,"436","Y","N","Mass","DSM",2019-05-01,"4:05","Coyote",1,1,"Adult","Unknown",0,2,0,1,0,0,0,0,0,0,0,0,"","","","Scavenger"
"GG",6,"MO",NA,"436","Y","N","Mass","DSM",2019-05-01,"5:52","Coyote",1,1,"Adult","Unknown",2,3,0,0,0,0,0,0,0,1,0,0,"edge of plot","","","Scavenger"
"GG",6,"MO",NA,"436","Y","N","Mass","DSM",2019-05-01,"19:07","Coyote",1,1,"Adult","Unknown",1,0,0,2,0,0,0,0,0,0,0,0,"","5010203","paranoid coyote","Scavenger"
"GG",6,"MO",NA,"436","Y","N","Mass","DSM",2019-05-01,"0:34","Coyote",2,2,"Adult","Unknown",0,2,0,1,3,0,0,0,0,0,0,0,"","","","Scavenger"
"GG",6,"MO",NA,"436","Y","N","Mass","DSM",2019-05-02,"4:34","Coyote",1,1,"Adult","Unknown",1,2,0,0,0,0,0,0,0,1,0,0,"walks out of plot","","","Scavenger"
"GG",6,"MO",NA,"436","Y","N","Mass","DSM",2019-05-02,"4:50","Coyote",1,1,"Adult","Unknown",0,0,2,3,0,0,0,0,0,1,0,0,"runs out of plot","","","Scavenger"
"GG",6,"MO",NA,"436","Y","N","Mass","DSM",2019-05-02,"21:05","Coyote",1,1,"Adult","Unknown",0,2,0,0,0,0,0,0,0,3,0,1,"looks like territorial marking","","","Scavenger"
"GG",6,"MO",NA,"436","Y","N","Mass","DSM",2019-05-02,"3:07","Coyote",1,1,"Adult","Unknown",0,0,0,0,1,0,0,0,0,0,0,0,"maybe eating flies","","","Scavenger"
"GG",6,"MO",NA,"436","Y","N","Mass","DSM",2019-05-02,"3:12","Coyote",1,1,"Adult","Unknown",0,3,0,2,1,0,0,0,0,0,0,0,"maybe eating flies","","","Scavenger"
"GG",6,"MO",NA,"436","Y","N","Mass","DSM",2019-05-02,"3:19","Coyote",1,1,"Adult","Unknown",0,3,0,2,1,0,0,0,0,0,0,0,"eating flies","5020207","eating flies","Scavenger"
"GG",6,"MO",NA,"436","Y","N","Mass","DSM",2019-05-02,"3:54","Coyote",1,1,"Adult","Unknown",0,2,0,0,1,0,0,0,0,0,0,0,"eating flies","5020208","eating flies","Scavenger"
"GG",6,"MO",NA,"436","Y","N","Mass","DSM",2019-05-02,"3:59","Coyote",1,1,"Adult","Unknown",2,0,0,0,1,0,0,0,0,0,0,0,"eating flies","","","Scavenger"
"GG",6,"MO",NA,"436","Y","N","Mass","DSM",2019-05-02,"4:05","Coyote",1,1,"Adult","Unknown",0,0,0,0,1,0,0,0,0,0,0,0,"eating flies","","","Scavenger"
"GG",6,"MO",NA,"436","Y","N","Mass","DSM",2019-05-02,"4:12","Coyote",1,1,"Adult","Unknown",0,0,0,0,1,0,0,0,0,0,0,0,"eating flies","","","Scavenger"
"GG",6,"MO",NA,"436","Y","N","Mass","DSM",2019-05-02,"4:19","Coyote",1,1,"Adult","Unknown",0,2,0,0,1,0,0,0,0,0,0,0,"eating flies","","","Scavenger"
"GG",6,"MO",NA,"436","Y","N","Mass","DSM",2019-05-02,"4:24","Coyote",1,1,"Adult","Unknown",0,3,0,2,1,0,0,0,0,0,0,0,"eating flies","","","Scavenger"
"GG",6,"MO",NA,"436","Y","N","Mass","DSM",2019-05-02,"4:40","Coyote",1,1,"Adult","Unknown",2,0,0,0,1,0,0,0,0,3,0,0,"eating flies","","","Scavenger"
"GG",6,"MO",NA,"436","Y","N","Mass","DSM",2019-05-02,"3:02","Coyote",1,1,"Adult","Unknown",0,3,0,1,2,0,0,0,0,0,0,0,"eating flies","","","Scavenger"
"GG",6,"MO",NA,"436","Y","N","Mass","DSM",2019-05-02,"21:00","Coyote",1,1,"Adult","Unknown",0,0,0,0,2,0,0,0,0,1,0,0,"edge of plot","","","Scavenger"
"GG",6,"MO",NA,"436","Y","N","Mass","DSM",2019-05-03,"23:48","Coyote",1,1,"Adult","Unknown",0,2,0,0,1,0,0,0,0,3,0,0,"eating flies","","","Scavenger"
"GG",6,"MO",NA,"436","Y","N","Mass","DSM",2019-05-03,"23:54","Coyote",1,1,"Adult","Unknown",0,2,0,0,1,0,0,0,0,0,0,0,"eating flies","5030227","another good shot of eating flies","Scavenger"
"GG",6,"MO",NA,"436","Y","N","Mass","DSM",2019-05-04,"0:01","Coyote",1,1,"Adult","Unknown",0,2,0,3,1,0,0,0,0,0,0,0,"eating flies","","","Scavenger"
"GG",6,"MO",NA,"436","Y","N","Mass","DSM",2019-05-04,"0:39","Coyote",1,1,"Adult","Unknown",0,2,0,0,1,0,0,0,0,0,0,0,"eating flies","","","Scavenger"
"GG",6,"MO",NA,"436","Y","N","Mass","DSM",2019-05-04,"1:46","Coyote",1,1,"Adult","Unknown",0,2,0,3,1,0,0,0,0,0,0,0,"eating flies","","","Scavenger"
"GG",6,"MO",NA,"436","Y","N","Mass","DSM",2019-05-04,"0:09","Coyote",1,1,"Adult","Unknown",0,0,0,1,2,0,0,0,0,0,0,0,"eating flies","","","Scavenger"
"GG",6,"MO",NA,"436","Y","N","Mass","DSM",2019-05-06,"22:58","Coyote",2,1,"Adult","Unknown",1,2,0,0,0,0,0,0,0,0,0,0,"edge of plot","","","Scavenger"
"GG",6,"MO",NA,"436","Y","N","Mass","DSM",2019-05-06,"22:58","Coyote",2,2,"Adult","Unknown",0,0,2,0,0,0,0,0,0,1,0,0,"runs out of plot","","","Scavenger"
"GG",6,"MO",NA,"436","Y","N","Mass","DSM",2019-05-07,"21:44","Coyote",1,1,"Adult","Unknown",0,3,0,2,1,0,0,0,0,0,0,0,"","","","Scavenger"
"GG",6,"MO",NA,"436","Y","N","Mass","DSM",2019-05-10,"3:25","Coyote",1,1,"Adult","Unknown",1,2,0,0,0,0,0,0,0,0,0,0,"edge of plot","","","Scavenger"
"GG",6,"MO",NA,"436","Y","N","Mass","DSM",2019-05-11,"6:16","Coyote",1,1,"Adult","Unknown",1,2,0,3,0,0,0,0,0,0,0,0,"","","","Scavenger"
"GG",6,"MO",NA,"436","Y","N","Mass","DSM",2019-05-11,"21:22","Coyote",1,1,"Adult","Unknown",1,2,0,0,0,0,0,0,0,0,0,0,"","","","Scavenger"
"GG",6,"MO",NA,"436","Y","N","Mass","DSM",2019-05-13,"21:40","Coyote",1,1,"Adult","Unknown",3,2,0,1,0,0,0,0,0,0,0,0,"","","","Scavenger"
"GG",6,"MO",NA,"436","Y","N","Mass","DSM",2019-05-19,"23:43","Coyote",1,1,"Adult","Unknown",0,2,0,0,0,0,0,0,0,1,0,0,"walks out of plot","","","Scavenger"
"GG",6,"MO",NA,"436","Y","N","Mass","DSM",2019-05-27,"19:18","Coyote",1,1,"Adult","Unknown",0,0,0,1,0,0,0,0,0,0,0,0,"","","","Scavenger"
"GG",6,"MO",NA,"436","Y","N","Mass","DSM",2019-05-29,"1:48","Coyote",1,1,"Adult","Unknown",0,2,0,1,0,0,0,0,0,0,0,0,"","","","Scavenger"
"GG",6,"MO",NA,"436","Y","N","Mass","DSM",2019-06-30,"0:43","Coyote",1,1,"Adult","Unknown",0,2,0,1,0,0,0,0,0,3,0,0,"walks out of plot","","","Scavenger"
"GG",6,"MO",NA,"436","Y","N","Mass","DSM",2019-07-02,"20:52","Coyote",1,1,"Adult","Unknown",0,3,0,2,0,0,0,0,0,1,0,0,"walks out of plot","","","Scavenger"
"DF",1,"MS",NA,"438","N","N","N","DSM",2019-05-11,"4:50","Coyote",1,1,"Adult","Unknown",1,2,0,0,0,0,0,0,0,0,0,0,"","","","Scavenger"
"DF",1,"MS",NA,"438","N","N","N","DSM",2019-05-11,"4:55","Coyote",1,1,"Adult","Unknown",1,0,0,2,0,0,0,0,0,0,0,0,"","","","Scavenger"
"DF",1,"MS",NA,"438","N","N","N","DSM",2019-05-11,"5:00","Coyote",1,1,"Adult","Unknown",0,0,1,0,0,0,0,0,0,0,0,0,"running out of the plot","","","Scavenger"
"DF",1,"MS",NA,"438","N","N","N","DSM",2019-05-11,"5:06","Coyote",1,1,"Adult","Unknown",2,1,0,0,0,0,0,0,0,0,0,0,"running out of the plot","","","Scavenger"
"DF",1,"MS",NA,"438","N","N","N","DSM",2019-05-12,"2:09","Coyote",1,1,"Adult","Unknown",2,1,0,0,0,0,0,0,0,0,0,0,"running out of the plot","","","Scavenger"
"DF",1,"MS",NA,"438","N","N","N","DSM",2019-05-12,"3:23","Coyote",1,1,"Adult","Unknown",0,1,0,0,0,0,0,0,0,0,0,0,"running out of the plot","","","Scavenger"
"DF",1,"MS",NA,"438","N","N","N","DSM",2019-05-12,"21:21","Coyote",1,1,"Adult","Unknown",0,0,1,0,0,0,0,0,0,0,0,0,"running out of the plot","","","Scavenger"
"DF",1,"MS",NA,"438","N","N","N","DSM",2019-05-13,"2:51","Coyote",1,1,"Adult","Unknown",1,2,0,0,0,0,0,0,0,0,0,0,"","","","Scavenger"
"DF",1,"MS",NA,"438","N","N","N","DSM",2019-05-13,"2:56","Coyote",1,1,"Adult","Unknown",0,1,0,2,0,0,0,0,0,0,0,0,"","","","Scavenger"
"DF",1,"MS",NA,"438","N","N","N","DSM",2019-05-13,"4:23","Coyote",1,1,"Adult","Unknown",1,0,0,2,0,0,0,0,0,0,0,0,"","","","Scavenger"
"DF",1,"MS",NA,"438","N","N","N","DSM",2019-05-13,"22:06","Coyote",1,1,"Adult","Unknown",2,1,0,3,0,0,0,0,0,0,0,0,"","","","Scavenger"
"DF",1,"MS",NA,"438","N","N","N","DSM",2019-05-13,"22:13","Coyote",1,1,"Adult","Unknown",0,2,0,0,0,0,0,0,0,1,0,0,"walks out of plot","","","Scavenger"
"DF",1,"MS",NA,"438","N","N","N","DSM",2019-05-13,"3:09","Coyote",1,1,"Adult","Unknown",0,0,0,0,1,0,0,0,0,0,0,0,"","","","Scavenger"
"DF",1,"MS",NA,"438","N","N","N","DSM",2019-05-13,"3:16","Coyote",1,1,"Adult","Unknown",0,0,0,0,1,0,0,0,0,0,0,0,"","","","Scavenger"
"DF",1,"MS",NA,"438","N","N","N","DSM",2019-05-13,"22:58","Coyote",1,1,"Adult","Unknown",0,0,0,0,1,0,0,0,0,0,0,0,"dragging carcass","","","Scavenger"
"DF",1,"MS",NA,"438","N","N","N","DSM",2019-05-13,"23:06","Coyote",1,1,"Adult","Unknown",2,0,0,0,1,0,0,0,0,0,0,0,"dragging carcass","","","Scavenger"
"DF",1,"MS",NA,"438","N","N","N","DSM",2019-05-13,"23:27","Coyote",1,1,"Adult","Unknown",2,0,0,0,1,0,0,0,0,0,0,0,"edge of plot","","","Scavenger"
"DF",1,"MS",NA,"438","N","N","N","DSM",2019-05-14,"22:23","Coyote",1,1,"Adult","Unknown",0,2,0,1,0,0,0,0,0,0,0,0,"","","","Scavenger"
"DF",1,"MS",NA,"438","N","N","N","DSM",2019-05-15,"4:27","Coyote",1,1,"Adult","Unknown",0,2,0,0,0,0,0,0,0,1,0,0,"walks through plot","","","Scavenger"
"DF",1,"MS",NA,"438","N","N","N","DSM",2019-05-16,"0:04","Coyote",1,1,"Adult","Unknown",0,2,0,0,0,0,0,0,0,1,0,0,"edge of plot, hard to see activity","","","Scavenger"
"DF",1,"MS",NA,"438","N","N","N","DSM",2019-05-16,"21:35","Coyote",1,1,"Adult","Unknown",3,2,0,1,0,0,0,0,0,0,0,0,"","","","Scavenger"
"DF",1,"MS",NA,"438","N","N","N","DSM",2019-05-16,"2:27","Coyote",1,1,"Adult","Unknown",0,0,0,0,1,0,0,0,0,0,0,0,"","","","Scavenger"
"DF",1,"MS",NA,"438","N","N","N","DSM",2019-05-16,"23:02","Coyote",1,1,"Adult","Unknown",0,0,0,0,1,0,0,0,0,0,0,0,"","","","Scavenger"
"DF",1,"MS",NA,"438","N","N","N","DSM",2019-05-17,"5:27","Coyote",1,1,"Adult","Unknown",2,1,0,0,0,0,0,0,0,0,0,0,"edge of plot","","","Scavenger"
"DF",1,"MS",NA,"438","N","N","N","DSM",2019-05-17,"4:06","Coyote",1,1,"Adult","Unknown",0,2,0,0,1,0,0,0,0,0,0,0,"carries a piece of carcass out of the plot","","","Scavenger"
"DF",1,"MS",NA,"438","N","N","N","DSM",2019-05-18,"7:12","Coyote",1,1,"Adult","Unknown",0,2,0,0,0,0,0,0,0,1,0,0,"walks through plot, looks like a german sheppard ","","","Scavenger"
"DF",1,"MS",NA,"438","N","N","N","DSM",2019-05-18,"16:04","Coyote",1,1,"Adult","Unknown",5,3,2,4,1,0,0,0,0,0,0,0,"","","","Scavenger"
"DF",1,"MS",NA,"438","N","N","N","DSM",2019-05-19,"8:19","Coyote",1,1,"Adult","Unknown",2,1,0,0,0,0,0,0,0,0,0,0,"outside of plot","","","Scavenger"
"DF",1,"MS",NA,"438","N","N","N","DSM",2019-05-19,"22:18","Coyote",1,1,"Adult","Unknown",0,2,0,1,0,0,0,0,0,0,0,0,"","","","Scavenger"
"DF",1,"MS",NA,"438","N","N","N","DSM",2019-05-19,"22:12","Coyote",1,1,"Adult","Unknown",0,2,0,0,1,0,0,0,0,0,0,0,"","","","Scavenger"
"DF",1,"MS",NA,"438","N","N","N","DSM",2019-05-20,"0:51","Coyote",1,1,"Adult","Unknown",0,0,0,0,0,0,0,0,0,0,1,0,"head not visible but coyote is stationary so probably feeding or foraging","","","Scavenger"
"DF",1,"MS",NA,"438","N","N","N","DSM",2019-05-20,"3:06","Coyote",1,1,"Adult","Unknown",1,2,0,3,0,0,0,0,0,0,0,0,"","","","Scavenger"
"DF",1,"MS",NA,"438","N","N","N","DSM",2019-05-20,"0:59","Coyote",1,1,"Adult","Unknown",0,2,0,0,1,0,0,0,0,0,0,0,"","","","Scavenger"
"DF",1,"MS",NA,"438","N","N","N","DSM",2019-05-20,"1:04","Coyote",1,1,"Adult","Unknown",0,0,0,0,1,0,0,0,0,0,0,0,"","","","Scavenger"
"DF",1,"MS",NA,"438","N","N","N","DSM",2019-05-20,"3:12","Coyote",1,1,"Adult","Unknown",0,0,0,0,1,0,0,0,0,0,0,0,"","","","Scavenger"
"DF",1,"MS",NA,"438","N","N","N","DSM",2019-05-20,"1:27","Coyote",1,1,"Adult","Unknown",0,3,0,1,2,0,0,0,0,0,0,0,"","","","Scavenger"
"DF",1,"MS",NA,"438","N","N","N","DSM",2019-05-21,"1:37","Coyote",1,1,"Adult","Unknown",0,3,0,1,2,0,0,0,0,0,0,0,"","","","Scavenger"
"DF",1,"MS",NA,"438","N","N","N","DSM",2019-05-22,"2:20","Coyote",1,1,"Adult","Unknown",0,2,0,0,0,0,0,0,0,1,0,0,"walks out of plot","","","Scavenger"
"DF",1,"MS",NA,"438","N","N","N","DSM",2019-05-22,"4:21","Coyote",1,1,"Adult","Unknown",2,1,0,0,0,0,0,0,0,0,0,0,"","","","Scavenger"
"DF",1,"MS",NA,"438","N","N","N","DSM",2019-05-22,"22:32","Coyote",1,1,"Adult","Unknown",2,0,0,0,0,0,0,0,0,0,0,1,"marking territory","","","Scavenger"
"DF",1,"MS",NA,"438","N","N","N","DSM",2019-05-22,"7:33","Coyote",1,1,"Adult","Unknown",0,2,0,0,1,0,0,0,0,0,0,0,"","","","Scavenger"
"DF",1,"MS",NA,"438","N","N","N","DSM",2019-05-24,"0:01","Coyote",1,1,"Adult","Unknown",2,1,0,3,0,0,0,0,0,4,0,0,"walks out of plot","","","Scavenger"
"DF",1,"MS",NA,"438","N","N","N","DSM",2019-05-25,"4:37","Coyote",1,1,"Adult","Unknown",0,3,0,1,0,0,0,0,0,2,0,0,"walks out of plot","","","Scavenger"
"DF",1,"MS",NA,"438","N","N","N","DSM",2019-06-19,"3:47","Coyote",1,1,"Adult","Unknown",0,1,0,0,0,0,0,0,0,2,0,0,"walk through plot","","","Scavenger"
"DF",1,"MS",NA,"438","N","N","N","DSM",2019-06-27,"16:10","Coyote",1,1,"Adult","Unknown",0,2,0,0,0,0,0,0,0,1,0,0,"walk through plot","","","Scavenger"
"DF",1,"MS",NA,"438","N","N","N","DSM",2019-06-27,"19:18","Coyote",1,1,"Adult","Unknown",0,2,0,0,0,0,0,0,0,1,0,0,"walk through plot","","","Scavenger"
"DF",1,"MS",NA,"438","N","N","N","DSM",2019-07-08,"23:34","Coyote",1,1,"Adult","Unknown",0,2,0,0,3,0,0,0,0,1,0,0,"walks through edge of plot","","","Scavenger"
"DF",1,"MS",NA,"438","N","N","N","DSM",2019-07-15,"4:49","Coyote",1,1,"Adult","Unknown",3,2,0,1,0,0,0,0,0,0,0,0,"","","","Scavenger"
"GG",4,"MS",NA,"442","N","N","Mass","DSM",2019-05-12,"4:58","Coyote",1,1,"Adult","Unknown",2,1,3,0,0,0,0,0,0,0,0,0,"coyote scared by camera?","","","Scavenger"
"GG",4,"MS",NA,"442","N","N","Mass","DSM",2019-05-12,"22:16","Coyote",1,1,"Adult","Unknown",0,2,0,1,3,0,0,0,0,0,0,0,"","","","Scavenger"
"GG",4,"MS",NA,"442","N","N","Mass","DSM",2019-05-13,"0:58","Coyote",1,1,"Adult","Unknown",3,1,0,2,0,0,0,0,0,0,0,0,"","","","Scavenger"
"GG",4,"MS",NA,"442","N","N","Mass","DSM",2019-05-13,"21:33","Coyote",1,1,"Adult","Unknown",3,1,0,2,0,0,0,0,0,0,0,0,"poor health coyote","","","Scavenger"
"GG",4,"MS",NA,"442","N","N","Mass","DSM",2019-05-14,"22:51","Coyote",1,1,"Adult","Unknown",0,0,2,1,0,0,0,0,0,0,0,0,"poor health coyote","","","Scavenger"
"GG",4,"MS",NA,"442","N","N","Mass","DSM",2019-05-15,"2:53","Coyote",1,1,"Adult","Unknown",0,1,0,0,0,0,0,0,0,2,0,0,"healthy coyote walking through plot","","","Scavenger"
"GG",4,"MS",NA,"442","N","N","Mass","DSM",2019-05-15,"20:03","Coyote",1,1,"Adult","Unknown",3,0,2,1,0,0,0,0,0,4,0,0,"poor health coyote moves through plot","","","Scavenger"
"GG",4,"MS",NA,"442","N","N","Mass","DSM",2019-05-15,"20:26","Coyote",1,1,"Adult","Unknown",0,1,0,0,0,0,0,0,0,2,0,0,"poor health coyote moves through plot","","","Scavenger"
"GG",4,"MS",NA,"442","N","N","Mass","DSM",2019-05-15,"22:12","Coyote",1,1,"Adult","Unknown",0,2,0,1,0,0,0,0,0,3,0,0,"poor health coyote moves through plot","","","Scavenger"
"GG",4,"MS",NA,"442","N","N","Mass","DSM",2019-05-15,"22:24","Coyote",1,1,"Adult","Unknown",3,2,0,0,1,0,0,0,0,0,0,0,"","","","Scavenger"
"GG",4,"MS",NA,"442","N","N","Mass","DSM",2019-05-27,"1:31","Coyote",1,1,"Adult","Unknown",1,2,0,3,0,0,0,0,0,0,0,0,"","","","Scavenger"
"GG",4,"MS",NA,"442","N","N","Mass","DSM",2019-05-28,"0:47","Coyote",1,1,"Adult","Unknown",0,1,0,0,0,0,0,0,0,0,0,0,"walks through plot","","","Scavenger"
"GG",4,"MS",NA,"442","N","N","Mass","DSM",2019-05-29,"1:31","Coyote",1,1,"Adult","Unknown",0,1,0,0,0,0,0,0,0,0,0,0,"walks through plot","","","Scavenger"
"GG",4,"MS",NA,"442","N","N","Mass","DSM",2019-05-29,"5:40","Coyote",2,1,"Adult","Unknown",0,1,0,0,0,0,0,0,0,0,0,0,"walks through plot","","","Scavenger"
"GG",4,"MS",NA,"442","N","N","Mass","DSM",2019-05-29,"5:40","Coyote",2,2,"Adult","Unknown",0,1,0,0,0,0,0,0,0,0,0,0,"walks through plot","","","Scavenger"
"GG",4,"MS",NA,"442","N","N","Mass","DSM",2019-05-29,"21:48","Coyote",1,1,"Adult","Unknown",0,1,0,0,0,0,0,0,0,0,0,0,"walks through plot","","","Scavenger"
"GG",4,"MS",NA,"442","N","N","Mass","DSM",2019-05-30,"0:46","Coyote",1,1,"Adult","Unknown",0,1,0,0,0,0,0,0,0,0,0,0,"walks through plot","","","Scavenger"
"GG",4,"MS",NA,"442","N","N","Mass","DSM",2019-05-31,"5:05","Coyote",1,1,"Adult","Unknown",0,1,0,0,0,0,0,0,0,0,0,0,"walks through plot","","","Scavenger"
"WP",1,"MS",NA,"443","N","N","Mass","DSM",2019-05-10,"5:04","Coyote",1,1,"Adult","Unknown",0,0,2,0,0,0,0,0,0,1,0,0,"runs through plot","","","Scavenger"
"WP",1,"MS",NA,"443","N","N","Mass","DSM",2019-05-12,"2:34","Coyote",1,1,"Adult","Unknown",3,2,0,1,0,0,0,0,0,0,0,0,"","","","Scavenger"
"WP",1,"MS",NA,"443","N","N","Mass","DSM",2019-05-12,"2:40","Coyote",1,1,"Adult","Unknown",0,0,0,0,1,0,0,0,0,2,0,0,"biting carcass","","","Scavenger"
"WP",1,"MS",NA,"443","N","N","Mass","DSM",2019-05-12,"22:41","Coyote",1,1,"Adult","Unknown",0,3,0,2,1,0,0,0,0,0,0,0,"eating piece of carcass","","","Scavenger"
"WP",1,"MS",NA,"443","N","N","Mass","DSM",2019-05-12,"22:49","Coyote",2,1,"Adult","Unknown",2,3,0,0,0,0,0,0,0,1,0,0,"walks out of plot","","","Scavenger"
"WP",1,"MS",NA,"443","N","N","Mass","DSM",2019-05-12,"22:49","Coyote",2,2,"Adult","Unknown",2,3,0,1,0,0,0,0,0,4,0,0,"walks out of plot","","","Scavenger"
"WP",1,"MS",NA,"443","N","N","Mass","DSM",2019-05-12,"23:05","Coyote",1,1,"Adult","Unknown",0,2,0,0,0,0,0,0,0,1,0,0,"walks out of plot","","","Scavenger"
"WP",1,"MS",NA,"443","N","N","Mass","DSM",2019-05-13,"23:55","Coyote",1,1,"Adult","Unknown",2,0,0,1,0,0,0,0,0,0,0,0,"","","","Scavenger"
"WP",1,"MS",NA,"443","N","N","Mass","DSM",2019-05-15,"1:50","Coyote",1,1,"Adult","Unknown",3,2,0,1,0,0,0,0,0,0,0,0,"","","","Scavenger"
"WP",1,"MS",NA,"443","N","N","Mass","DSM",2019-05-19,"1:24","Coyote",1,1,"Adult","Unknown",0,2,0,1,0,0,0,0,0,0,3,0,"gets spooked","","","Scavenger"
"WP",1,"MS",NA,"443","N","N","Mass","DSM",2019-05-19,"22:59","Coyote",1,1,"Adult","Unknown",0,0,2,0,0,0,0,0,0,1,0,0,"runs through plot","","","Scavenger"
"WP",1,"MS",NA,"443","N","N","Mass","DSM",2019-05-19,"23:04","Coyote",1,1,"Adult","Unknown",3,2,0,0,0,0,0,0,0,1,0,0,"edge of plot","","","Scavenger"
"WP",1,"MS",NA,"443","N","N","Mass","DSM",2019-05-20,"5:10","Coyote",1,1,"Adult","Unknown",0,3,0,2,0,0,0,0,0,1,0,0,"","","","Scavenger"
"WP",1,"MS",NA,"443","N","N","Mass","DSM",2019-05-20,"23:27","Coyote",1,1,"Adult","Unknown",0,2,0,0,0,0,0,0,0,1,0,0,"walks through plot","","","Scavenger"
"WP",1,"MS",NA,"443","N","N","Mass","DSM",2019-05-25,"4:27","Coyote",1,1,"Adult","Unknown",0,1,0,2,0,0,0,0,0,3,0,0,"","","","Scavenger"
"WP",1,"MS",NA,"443","N","N","Mass","DSM",2019-05-27,"6:15","Coyote",1,1,"Adult","Unknown",3,2,0,1,0,0,0,0,0,0,0,0,"","","","Scavenger"
"WP",1,"MS",NA,"443","N","N","Mass","DSM",2019-05-29,"1:06","Coyote",1,1,"Adult","Unknown",2,3,0,1,0,0,0,0,0,0,0,0,"","","","Scavenger"
"WP",1,"MS",NA,"443","N","N","Mass","DSM",2019-06-04,"13:00","Coyote",1,1,"Adult","Unknown",0,0,2,0,0,0,0,0,0,1,0,0,"runs through plot","","","Scavenger"
"OS",5,"MO",NA,"425(maybe)","N","N ","Mass","DSM",2019-04-19,"5:20","Coyote",1,1,"Adult","Unknown",0,0,1,2,0,0,0,0,0,0,0,0,"","","","Scavenger"
"OS",5,"MO",NA,"425(maybe)","N","N ","Mass","DSM",2019-04-20,"5:01","Coyote",1,1,"Adult","Unknown",1,2,0,0,0,0,0,0,0,0,0,0,"","","","Scavenger"
"OS",5,"MO",NA,"425(maybe)","N","N ","Mass","DSM",2019-05-01,"21:10","Coyote",1,1,"Adult","Unknown",3,1,0,2,0,0,0,0,0,0,0,0,"","","","Scavenger"
"OS",5,"MO",NA,"425(maybe)","N","N ","Mass","DSM",2019-05-01,"20:57","Coyote",1,1,"Adult","Unknown",3,2,0,0,1,0,0,0,0,0,0,0,"","","","Scavenger"
"OS",5,"MO",NA,"425(maybe)","N","N ","Mass","DSM",2019-05-01,"20:52","Coyote",1,1,"Adult","Unknown",3,2,0,1,4,0,0,0,0,0,0,0,"","","","Scavenger"
"OS",5,"MO",NA,"425(maybe)","N","N ","Mass","DSM",2019-05-02,"5:08","Coyote",1,1,"Adult","Unknown",1,2,0,3,0,0,0,0,0,0,0,0,"","","","Scavenger"
"OS",5,"MO",NA,"425(maybe)","N","N ","Mass","DSM",2019-05-02,"5:13","Coyote",1,1,"Adult","Unknown",3,2,0,1,0,0,0,0,0,0,0,0,"","","","Scavenger"
"OS",5,"MO",NA,"425(maybe)","N","N ","Mass","DSM",2019-05-02,"5:27","Coyote",1,1,"Adult","Unknown",1,2,0,0,0,0,0,0,0,0,0,0,"","","","Scavenger"
"OS",5,"MO",NA,"425(maybe)","N","N ","Mass","DSM",2019-05-02,"21:41","Coyote",1,1,"Adult","Unknown",1,2,0,0,0,0,0,0,0,3,0,0,"","","","Scavenger"
"OS",5,"MO",NA,"425(maybe)","N","N ","Mass","DSM",2019-05-02,"22:31","Coyote",1,1,"Adult","Unknown",1,3,0,2,0,0,0,0,0,0,0,0,"","","","Scavenger"
"OS",5,"MO",NA,"425(maybe)","N","N ","Mass","DSM",2019-05-02,"21:10","Coyote",1,1,"Adult","Unknown",2,3,0,0,1,0,0,0,0,0,0,0,"","","","Scavenger"
"OS",5,"MO",NA,"425(maybe)","N","N ","Mass","DSM",2019-05-02,"21:15","Coyote",1,1,"Adult","Unknown",0,2,0,0,1,0,0,0,0,0,0,0,"","","","Scavenger"
"OS",5,"MO",NA,"425(maybe)","N","N ","Mass","DSM",2019-05-02,"21:25","Coyote",1,1,"Adult","Unknown",4,2,0,3,1,0,0,0,0,0,0,0,"","","","Scavenger"
"OS",5,"MO",NA,"425(maybe)","N","N ","Mass","DSM",2019-05-02,"23:16","Coyote",1,1,"Adult","Unknown",0,2,0,0,1,0,0,0,0,0,0,0,"","5020092","coyote eating insects","Scavenger"
"OS",5,"MO",NA,"425(maybe)","N","N ","Mass","DSM",2019-05-03,"21:02","Coyote",1,1,"Adult","Unknown",2,3,0,0,0,0,0,0,0,1,0,0,"","","","Scavenger"
"OS",5,"MO",NA,"425(maybe)","N","N ","Mass","DSM",2019-05-03,"21:12","Coyote",2,1,"Adult","Unknown",1,2,0,0,0,0,0,0,0,0,0,0,"not in plot ","","","Scavenger"
"OS",5,"MO",NA,"425(maybe)","N","N ","Mass","DSM",2019-05-03,"21:12","Coyote",2,2,"Adult","Unknown",2,3,0,1,0,0,0,0,0,0,0,0,"check group size","","","Scavenger"
"OS",5,"MO",NA,"425(maybe)","N","N ","Mass","DSM",2019-05-03,"21:16","Coyote",1,1,"Adult","Unknown",2,3,0,1,0,0,0,0,0,0,0,0,"","","","Scavenger"
"OS",5,"MO",NA,"425(maybe)","N","N ","Mass","DSM",2019-05-03,"21:46","Coyote",2,2,"Adult","Unknown",0,2,0,0,0,0,0,0,0,0,1,0,"","","","Scavenger"
"OS",5,"MO",NA,"425(maybe)","N","N ","Mass","DSM",2019-05-03,"21:53","Coyote",2,1,"Adult","Unknown",0,1,2,0,0,0,0,0,0,0,0,0,"","","","Scavenger"
"OS",5,"MO",NA,"425(maybe)","N","N ","Mass","DSM",2019-05-03,"21:53","Coyote",2,2,"Adult","Unknown",3,2,0,1,0,0,0,0,0,0,0,0,"not in plot","","","Scavenger"
"OS",5,"MO",NA,"425(maybe)","N","N ","Mass","DSM",2019-05-03,"21:59","Coyote",2,1,"Adult","Unknown",1,2,0,0,0,0,0,0,0,0,0,0,"","","","Scavenger"
"OS",5,"MO",NA,"425(maybe)","N","N ","Mass","DSM",2019-05-03,"21:46","Coyote",2,1,"Adult","Unknown",3,2,0,0,1,0,0,0,0,0,0,0,"","","","Scavenger"
"OS",5,"MO",NA,"425(maybe)","N","N ","Mass","DSM",2019-05-03,"21:59","Coyote",2,2,"Adult","Unknown",0,2,0,0,1,0,0,0,0,0,0,0,"not in plot","","","Scavenger"
"OS",5,"MO",NA,"425(maybe)","N","N ","Mass","DSM",2019-05-04,"3:15","Coyote",1,1,"Adult","Unknown",1,3,0,2,0,0,0,0,0,0,0,0,"","","","Scavenger"
"OS",5,"MO",NA,"425(maybe)","N","N ","Mass","DSM",2019-05-04,"3:27","Coyote",1,1,"Adult","Unknown",1,0,0,2,0,0,0,0,0,0,0,0,"","","","Scavenger"
"OS",5,"MO",NA,"425(maybe)","N","N ","Mass","DSM",2019-05-04,"3:35","Coyote",1,1,"Adult","Unknown",3,1,0,2,0,0,0,0,0,0,0,0,"","","","Scavenger"
"OS",5,"MO",NA,"425(maybe)","N","N ","Mass","DSM",2019-05-04,"5:33","Coyote",1,1,"Adult","Unknown",0,1,0,0,0,0,0,0,0,0,0,0,"not in plot (close)","","","Scavenger"
"OS",5,"MO",NA,"425(maybe)","N","N ","Mass","DSM",2019-05-04,"5:47","Coyote",1,1,"Adult","Unknown",1,2,0,3,0,0,0,0,0,0,0,0,"","","","Scavenger"
"OS",5,"MO",NA,"425(maybe)","N","N ","Mass","DSM",2019-05-04,"5:52","Coyote",1,1,"Adult","Unknown",1,3,0,2,0,0,0,0,0,0,0,0,"","","","Scavenger"
"OS",5,"MO",NA,"425(maybe)","N","N ","Mass","DSM",2019-05-04,"6:02","Coyote",2,1,"Adult","Unknown",1,2,0,0,0,0,0,0,0,0,0,0,"","","","Scavenger"
"OS",5,"MO",NA,"425(maybe)","N","N ","Mass","DSM",2019-05-04,"6:02","Coyote",2,2,"Adult","Unknown",1,0,0,0,0,0,0,0,0,0,0,0,"not in plot","","","Scavenger"
"OS",5,"MO",NA,"425(maybe)","N","N ","Mass","DSM",2019-05-04,"6:07","Coyote",1,1,"Adult","Unknown",0,1,0,0,0,0,0,0,0,0,0,0,"","","","Scavenger"
"OS",5,"MO",NA,"425(maybe)","N","N ","Mass","DSM",2019-05-04,"21:33","Coyote",1,1,"Adult","Unknown",0,2,0,0,0,0,0,0,0,1,0,0,"","","","Scavenger"
"OS",5,"MO",NA,"425(maybe)","N","N ","Mass","DSM",2019-05-04,"21:54","Coyote",1,1,"Adult","Unknown",3,2,0,1,0,0,0,0,0,1,0,0,"","","","Scavenger"
"OS",5,"MO",NA,"425(maybe)","N","N ","Mass","DSM",2019-05-04,"22:06","Coyote",1,1,"Adult","Unknown",3,1,0,2,0,0,0,0,0,1,0,0,"not in plot (close)","","","Scavenger"
"OS",5,"MO",NA,"425(maybe)","N","N ","Mass","DSM",2019-05-04,"0:30","Coyote",1,1,"Adult","Unknown",2,0,0,0,1,0,0,0,0,0,0,0,"","","","Scavenger"
"OS",5,"MO",NA,"425(maybe)","N","N ","Mass","DSM",2019-05-04,"0:35","Coyote",1,1,"Adult","Unknown",0,3,0,2,1,0,0,0,0,0,0,0,"","","","Scavenger"
"OS",5,"MO",NA,"425(maybe)","N","N ","Mass","DSM",2019-05-04,"0:26","Coyote",1,1,"Adult","Unknown",4,3,0,1,2,0,0,0,0,0,0,0,"","","","Scavenger"
"OS",5,"MO",NA,"425(maybe)","N","N ","Mass","DSM",2019-05-06,"4:08","Coyote",1,1,"Adult","Unknown",0,2,0,0,0,0,0,0,0,0,1,0,"fighting bugs ","","","Scavenger"
"OS",5,"MO",NA,"425(maybe)","N","N ","Mass","DSM",2019-05-06,"4:14","Coyote",1,1,"Adult","Unknown",0,1,0,0,0,0,0,0,0,0,0,0,"not in plot (close)","","","Scavenger"
"WP",5,"CS",NA,"435A","N","N","N","DSM",2019-05-19,"7:04","Coyote",1,1,"Adult","Unknown",2,1,0,0,0,0,0,0,0,0,0,0,"carrion gone","5190019","nice coyote walking through","Scavenger"
"OS",3,"MS",NA,"July_2019_447A","N","N","Mass","DSM",2019-05-10,"22:55","Coyote",1,1,"Adult","Unknown",0,0,0,0,1,0,0,0,0,0,0,0,"mangey coyote","","","Scavenger"
"OS",3,"MS",NA,"July_2019_447A","Y","Y","Mass","DSM",2019-05-14,"22:24","Coyote",1,1,"Adult","Unknown",1,3,0,2,0,0,0,0,0,0,0,0,"edge of plot","","","Scavenger"
"OS",3,"MS",NA,"July_2019_447A","Y","Y","Mass","DSM",2019-05-19,"19:51","Coyote",1,1,"Adult","Unknown",0,2,0,3,0,0,0,0,0,1,0,0,"walks through plot","","","Scavenger"
"OS",3,"MS",NA,"July_2019_447A","Y","Y","Mass","DSM",2019-05-20,"4:15","Coyote",1,1,"Adult","Unknown",0,2,0,0,0,0,0,0,0,1,0,0,"walks through plot","","","Scavenger"
"OS",3,"MS",NA,"July_2019_447A","Y","Y","Mass","DSM",2019-05-24,"20:09","Coyote",1,1,"Adult","Unknown",0,2,0,0,0,0,0,0,0,1,0,0,"walks through plot","","","Scavenger"
"OS",3,"MS",NA,"July_2019_447A","Y","Y","Mass","DSM",2019-05-26,"23:31","Coyote",1,1,"Adult","Unknown",0,1,0,0,0,0,0,0,0,0,0,0,"clip cut short","","","Scavenger"
"OS",3,"MS",NA,"July_2019_447A","Y","Y","Mass","DSM",2019-05-29,"2:26","Coyote",1,1,"Adult","Unknown",0,1,0,0,0,0,0,0,0,0,0,0,"clip cut short","","","Scavenger"
"OS",3,"MS",NA,"447B","N","N","N","DSM",2019-06-08,"0:45","Coyote",1,1,"Adult","Unknown",3,2,0,1,0,0,0,0,0,0,0,0,"","","","Scavenger"
"OS",3,"MS",NA,"447B","N","N","N","DSM",2019-06-09,"15:45","Coyote",1,1,"Adult","Unknown",0,0,1,0,0,0,0,0,0,0,0,0,"edge of plot","","","Scavenger"
"DF",4,"MO",NA,"432","N","N","Mass","DSM",2019-04-24,"20:39","Coyote",1,1,"Adult",NA,0,1,0,0,0,0,0,0,0,2,0,0,"edge of plot","","","Scavenger"
"DF",4,"MO",NA,"432","N","N","Mass","DSM",2019-04-26,"1:46","Coyote",1,1,"Adult",NA,0,0,0,0,0,0,0,0,0,1,2,0,"","","","Scavenger"
"DF",4,"MO",NA,"432","N","N","Mass","DSM",2019-04-27,"22:06","Coyote",1,1,"Adult",NA,0,0,2,0,0,0,0,0,0,1,0,0,"","","","Scavenger"
"DF",4,"MO",NA,"432","N","N","Mass","DSM",2019-04-27,"22:21","Coyote",1,1,"Adult",NA,0,2,0,0,0,0,0,0,0,1,0,0,"","","","Scavenger"
"DF",4,"MO",NA,"432","N","N","Mass","DSM",2019-04-27,"23:56","Coyote",1,1,"Adult",NA,3,0,4,0,2,0,0,0,0,1,0,0,"","","","Scavenger"
"DF",4,"MO",NA,"432","N","N","Mass","DSM",2019-04-28,"0:01","Coyote",1,1,"Adult",NA,1,3,0,2,0,0,0,0,0,0,0,0,"","","","Scavenger"
"DF",4,"MO",NA,"432","N","N","Mass","DSM",2019-04-28,"2:11","Coyote",1,1,"Adult",NA,0,2,0,1,0,0,0,0,0,0,0,0,"","","","Scavenger"
"DF",4,"MO",NA,"432","N","N","Mass","DSM",2019-04-28,"2:53","Coyote",1,1,"Adult",NA,0,2,0,1,0,0,0,0,0,0,0,0,"","","","Scavenger"
"DF",4,"MO",NA,"432","N","N","Mass","DSM",2019-04-28,"3:04","Coyote",1,1,"Adult",NA,0,2,0,1,0,0,0,0,0,0,0,0,"","","","Scavenger"
"DF",4,"MO",NA,"432","N","N","Mass","DSM",2019-04-29,"22:10","Coyote",1,1,"Adult",NA,3,0,2,1,0,0,0,0,0,0,0,0,"","","","Scavenger"
"DF",4,"MO",NA,"432","N","N","Mass","DSM",2019-04-29,"22:16","Coyote",1,1,"Adult",NA,3,2,4,1,0,0,0,0,0,0,0,0,"","","","Scavenger"
"DF",4,"MO",NA,"432","N","N","Mass","DSM",2019-04-29,"22:32","Coyote",1,1,"Adult",NA,3,2,0,1,0,0,0,0,0,0,0,0,"","","","Scavenger"
"DF",4,"MO",NA,"432","N","N","Mass","DSM",2019-05-01,"2:59","Coyote",1,1,"Adult",NA,3,2,0,0,1,0,0,0,0,0,0,0,"","","","Scavenger"
"DF",4,"MO",NA,"432","N","N","Mass","DSM",2019-05-01,"3:20","Coyote",1,1,"Adult",NA,0,0,2,3,0,0,0,0,0,1,0,0,"","","","Scavenger"
"DF",4,"MO",NA,"432","N","N","Mass","DSM",2019-05-02,"5:00","Coyote",1,1,"Adult",NA,3,2,0,0,0,0,0,0,0,1,0,0,"","","","Scavenger"
"DF",4,"MO",NA,"432","N","N","Mass","DSM",2019-05-08,"21:44","Coyote",1,1,"Adult",NA,2,1,3,0,0,0,0,0,0,0,0,0,"","","","Scavenger"
"DF",4,"MO",NA,"432","N","N","Mass","DSM",2019-05-09,"0:48","Coyote",1,1,"Adult",NA,2,3,0,0,0,0,0,0,0,1,0,0,"","","","Scavenger"
"DF",4,"MO",NA,"432","N","N","Mass","DSM",2019-05-09,"20:46","Coyote",1,1,"Adult",NA,0,2,0,0,0,0,0,0,0,1,0,0,"","","","Scavenger"
"DF",4,"MO",NA,"432","N","N","Mass","DSM",2019-05-09,"22:30","Coyote",1,1,"Adult",NA,3,2,0,1,4,0,0,0,0,0,0,0,"","","","Scavenger"
"DF",4,"MO",NA,"432","N","N","Mass","DSM",2019-05-09,"23:09","Coyote",1,1,"Adult",NA,0,2,0,0,0,0,0,0,0,1,0,0,"","","","Scavenger"
"DF",4,"MO",NA,"432","N","N","Mass","DSM",2019-05-09,"23:14","Coyote",1,1,"Adult",NA,0,3,1,0,0,0,0,0,0,2,0,0,"","","","Scavenger"
"DF",4,"MO",NA,"432","N","N","Mass","DSM",2019-05-10,"2:31","Coyote",1,1,"Adult",NA,2,3,0,1,0,0,0,0,0,0,0,0,"","","","Scavenger"
"DF",4,"MO",NA,"432","N","N","Mass","DSM",2019-05-10,"2:39","Coyote",1,1,"Adult",NA,0,3,2,0,0,0,0,0,0,1,0,0,"","","","Scavenger"
"DF",4,"MO",NA,"432","N","N","Mass","DSM",2019-05-10,"2:45","Coyote",1,1,"Adult",NA,0,0,0,0,2,0,0,0,0,1,0,0,"","","","Scavenger"
"DF",4,"MO",NA,"432","N","N","Mass","DSM",2019-05-10,"2:54","Coyote",1,1,"Adult",NA,0,2,0,1,0,0,0,0,0,0,0,0,"","","","Scavenger"
"DF",4,"MO",NA,"432","N","N","Mass","DSM",2019-05-10,"3:03","Coyote",1,1,"Adult",NA,0,2,0,1,0,0,0,0,0,0,0,0,"","","","Scavenger"
"DF",4,"MO",NA,"432","N","N","Mass","DSM",2019-05-10,"17:08","Coyote",1,1,"Adult",NA,3,1,0,2,0,0,0,0,0,0,0,0,"","","","Scavenger"
"DF",4,"MO",NA,"432","N","N","Mass","DSM",2019-05-10,"20:19","Coyote",1,1,"Adult",NA,1,4,5,2,3,0,0,0,0,0,0,0,"","","","Scavenger"
"DF",4,"MO",NA,"432","N","N","Mass","DSM",2019-05-11,"3:46","Coyote",1,1,"Adult",NA,0,2,0,0,0,0,0,0,0,1,0,0,"","","","Scavenger"
"DF",4,"MO",NA,"432","N","N","Mass","DSM",2019-05-11,"4:09","Coyote",1,1,"Adult",NA,0,1,4,2,3,0,0,0,0,0,0,0,"","","","Scavenger"
"DF",4,"MO",NA,"432","N","N","Mass","DSM",2019-05-11,"4:19","Coyote",1,1,"Adult",NA,3,1,0,2,0,0,0,0,0,0,0,0,"","","","Scavenger"
"DF",4,"MO",NA,"432","N","N","Mass","DSM",2019-05-11,"4:28","Coyote",1,1,"Adult",NA,0,2,0,1,0,0,0,0,0,0,0,0,"","","","Scavenger"
"DF",4,"MO",NA,"432","N","N","Mass","DSM",2019-05-11,"13:33","Coyote",1,1,"Adult",NA,0,2,0,0,0,0,0,0,0,1,0,0,"","","","Scavenger"
"DF",4,"MO",NA,"432","N","N","Mass","DSM",2019-05-11,"17:45","Coyote",1,1,"Adult",NA,2,1,0,0,0,0,0,0,0,0,0,0,"","","","Scavenger"
"DF",4,"MO",NA,"432","N","N","Mass","DSM",2019-05-12,"3:09","Coyote",1,1,"Adult",NA,0,1,0,2,0,0,0,0,0,3,0,0,"","","","Scavenger"
"DF",4,"MO",NA,"432","N","N","Mass","DSM",2019-05-13,"3:02","Coyote",1,1,"Adult",NA,0,2,0,0,0,0,0,0,0,1,0,0,"","","","Scavenger"
"DF",4,"MO",NA,"432","N","N","Mass","DSM",2019-05-14,"5:21","Coyote",1,1,"Adult",NA,0,0,3,1,2,0,0,0,0,0,0,0,"","","","Scavenger"
"DF",4,"MO",NA,"432","N","N","Mass","DSM",2019-05-14,"5:26","Coyote",1,1,"Adult",NA,0,0,0,1,0,0,0,0,0,0,0,0,"","","","Scavenger"
"DF",4,"MO",NA,"432","N","N","Mass","DSM",2019-05-18,"7:18","Coyote",1,1,"Adult",NA,0,2,0,0,0,0,0,0,0,1,0,0,"","","","Scavenger"
"DF",4,"MO",NA,"432","N","N","N","DSM",2019-05-25,"4:28","Coyote",1,1,"Adult",NA,0,3,0,0,0,0,0,0,0,0,2,1,"olfactory communication","","","Scavenger"
"DF",4,"MO",NA,"432","N","N","N","DSM",2019-06-07,"11:04","Coyote",1,1,"Adult",NA,3,2,0,0,0,0,0,0,0,0,0,1,"olfactory communication","","","Scavenger"
"OS",5,"MO",NA,"425(maybe)","N","N ","Mass","DSM",2019-05-06,"21:53","Coyote",1,1,"Adult","Unknown",0,2,0,0,1,0,0,0,0,0,0,0,"Flies, sick coyote","","","Scavenger"
"OS",5,"MO",NA,"425(maybe)","N","N ","Mass","DSM",2019-05-06,"22:10","Coyote",1,1,"Adult","Unknown",0,2,0,0,1,0,0,0,0,0,0,0,"Flies, sick coyote","","","Scavenger"
"OS",5,"MO",NA,"425(maybe)","N","N ","Mass","DSM",2019-05-07,"1:56","Coyote",1,1,"Adult","Unknown",0,2,0,3,1,0,0,0,0,0,0,0,"Flies, sick coyote","","","Scavenger"
"OS",5,"MO",NA,"425(maybe)","N","N ","Mass","DSM",2019-05-07,"2:01","Coyote",1,1,"Adult","Unknown",2,0,0,0,1,0,0,0,0,0,0,0,"could be eating but can't see","","","Scavenger"
"OS",5,"MO",NA,"425(maybe)","N","N ","Mass","DSM",2019-05-07,"2:08","Coyote",1,1,"Adult","Unknown",3,0,0,1,0,0,2,0,0,0,0,0,"shaking off","","","Scavenger"
"OS",5,"MO",NA,"425(maybe)","N","N ","Mass","DSM",2019-05-07,"2:18","Coyote",1,1,"Adult","Unknown",0,3,0,0,2,0,0,0,0,0,1,0,"Flies, sick coyote","","","Scavenger"
"OS",5,"MO",NA,"425(maybe)","N","N ","Mass","DSM",2019-05-07,"4:48","Coyote",1,1,"Adult","Unknown",0,2,0,0,0,0,0,0,0,1,0,0,"","","","Scavenger"
"OS",5,"MO",NA,"425(maybe)","N","N ","Mass","DSM",2019-05-07,"4:53","Coyote",1,1,"Adult","Unknown",0,1,0,3,0,0,0,0,0,0,0,0,"might be eating but can't tell","","","Scavenger"
"OS",5,"MO",NA,"425(maybe)","N","N ","Mass","DSM",2019-05-07,"4:58","Coyote",2,1,"Adult","Unknown",0,0,0,0,1,0,0,0,0,0,0,0,"tearing and pulling, likely eating carcass","","","Scavenger"
"OS",5,"MO",NA,"425(maybe)","N","N ","Mass","DSM",2019-05-07,"4:58","Coyote",2,2,"Adult","Unknown",1,0,0,0,0,0,0,0,0,0,0,0,"really far outside the plot","","","Scavenger"
"OS",5,"MO",NA,"425(maybe)","N","N ","Mass","DSM",2019-05-07,"5:04","Coyote",1,1,"Adult","Unknown",0,0,0,0,0,0,0,0,0,1,0,0,"could be eating but can't tell","","","Scavenger"
"OS",5,"MO",NA,"425(maybe)","N","N ","Mass","DSM",2019-05-08,"21:54","Coyote",1,1,"Adult","Unknown",0,3,0,1,0,0,0,0,0,2,0,0,"could be eating but can't tell","","","Scavenger"
"OS",5,"MO",NA,"425(maybe)","N","N ","Mass","DSM",2019-05-08,"21:59","Coyote",1,1,"Adult","Unknown",0,0,0,0,1,0,0,0,0,2,0,0,"carcass","","","Scavenger"
"OS",5,"MO",NA,"425(maybe)","N","N ","Mass","DSM",2019-05-08,"22:10","Coyote",1,1,"Adult","Unknown",0,1,0,0,0,0,0,0,0,0,0,0,"outside of plot","","","Scavenger"
"OS",5,"MO",NA,"425(maybe)","N","N ","Mass","DSM",2019-05-10,"1:26","Coyote",1,1,"Adult","Unknown",0,2,0,0,0,0,0,0,0,1,0,0,"","","","Scavenger"
"OS",5,"MO",NA,"425(maybe)","N","N ","Mass","DSM",2019-05-10,"1:36","Coyote",1,1,"Adult","Unknown",0,2,0,1,0,0,0,0,0,0,0,0,"","","","Scavenger"
"OS",5,"MO",NA,"425(maybe)","N","N ","Mass","DSM",2019-05-10,"20:34","Coyote",1,1,"Adult","Unknown",0,2,0,3,0,0,0,0,0,1,0,0,"","","","Scavenger"
"OS",5,"MO",NA,"425(maybe)","N","N ","Mass","DSM",2019-05-10,"20:53","Coyote",1,1,"Adult","Unknown",0,2,0,0,0,0,0,0,0,1,0,0,"","","","Scavenger"
"OS",5,"MO",NA,"425(maybe)","N","N ","Mass","DSM",2019-05-10,"21:01","Coyote",1,1,"Adult","Unknown",0,2,0,1,0,0,0,0,0,0,0,0,"","","","Scavenger"
"OS",5,"MO",NA,"425(maybe)","N","N ","Mass","DSM",2019-05-11,"3:18","Coyote",1,1,"Adult","Unknown",0,1,0,0,0,0,0,0,0,2,0,0,"","","","Scavenger"
"OS",5,"MO",NA,"425(maybe)","N","N ","Mass","DSM",2019-05-12,"2:11","Coyote",1,1,"Adult","Unknown",1,3,4,0,2,0,0,0,0,0,0,0,"carcass","","","Scavenger"
"OS",5,"MO",NA,"425(maybe)","N","N ","Mass","DSM",2019-05-12,"2:22","Coyote",1,1,"Adult","Unknown",1,0,0,0,0,0,0,0,0,0,0,0,"","","","Scavenger"
"OS",5,"MO",NA,"425(maybe)","N","N ","Mass","DSM",2019-05-13,"20:54","Coyote",1,1,"Adult","Unknown",0,2,0,1,0,0,0,0,0,0,0,0,"","","","Scavenger"
"OS",5,"MO",NA,"425(maybe)","N","N ","Mass","DSM",2019-05-17,"21:15","Coyote",1,1,"Adult","Unknown",0,2,0,0,1,0,0,0,0,0,0,0,"","","","Scavenger"
"OS",5,"MO",NA,"425(maybe)","N","N ","Mass","DSM",2019-05-19,"22:21","Coyote",1,1,"Adult","Unknown",0,1,0,2,0,0,0,0,0,0,0,0,"","","","Scavenger"
"OS",5,"MO",NA,"425(maybe)","N","N ","Mass","DSM",2019-05-19,"22:26","Coyote",1,1,"Adult","Unknown",2,0,0,0,1,0,0,0,0,0,0,0,"carcass","","","Scavenger"
"OS",5,"MO",NA,"425(maybe)","N","N ","Mass","DSM",2019-05-20,"2:35","Coyote",1,1,"Adult","Unknown",2,3,0,0,1,0,0,0,0,0,0,0,"can't tell","","","Scavenger"
"OS",5,"MO",NA,"425(maybe)","N","N ","Mass","DSM",2019-05-20,"2:40","Coyote",1,1,"Adult","Unknown",1,3,0,0,0,0,0,0,0,2,0,0,"","","","Scavenger"
"OS",5,"MO",NA,"425(maybe)","N","N ","Mass","DSM",2019-05-20,"2:46","Coyote",1,1,"Adult","Unknown",3,2,0,1,0,0,0,0,0,0,0,0,"","","","Scavenger"
"OS",5,"MO",NA,"425(maybe)","N","N ","Mass","DSM",2019-05-20,"3:17","Coyote",1,1,"Adult","Unknown",0,2,0,1,0,0,0,0,0,0,0,0,"","","","Scavenger"
"OS",5,"MO",NA,"425(maybe)","N","N ","Mass","DSM",2019-05-20,"4:06","Coyote",1,1,"Adult","Unknown",0,2,0,1,0,0,0,0,0,0,0,0,"","","","Scavenger"
"OS",5,"MO",NA,"425(maybe)","N","N ","Mass","DSM",2019-05-21,"23:18","Coyote",1,1,"Adult","Unknown",0,0,0,0,1,0,0,0,0,0,0,0,"carcass","","","Scavenger"
"OS",5,"MO",NA,"425(maybe)","N","N ","Mass","DSM",2019-05-22,"4:18","Coyote",1,1,"Adult","Unknown",3,1,0,0,2,0,0,0,0,0,0,0,"carcass","","","Scavenger"
"OS",5,"MO",NA,"425(maybe)","N","N ","Mass","DSM",2019-05-22,"4:28","Coyote",1,1,"Adult","Unknown",0,2,0,1,0,0,0,0,0,0,0,0,"","","","Scavenger"
"OS",5,"MO",NA,"425(maybe)","N","N ","Mass","DSM",2019-05-22,"4:34","Coyote",1,1,"Adult","Unknown",0,2,0,1,0,0,0,0,0,0,0,0,"","","","Scavenger"
"OS",5,"MO",NA,"425(maybe)","N","N ","Mass","DSM",2019-05-23,"1:16","Coyote",1,1,"Adult","Unknown",3,0,0,1,0,0,0,0,0,0,2,0,"air scenting","","","Scavenger"
"OS",5,"MO",NA,"425(maybe)","N","N ","Mass","DSM",2019-05-24,"6:44","Coyote",1,1,"Adult","Unknown",2,1,0,0,0,0,0,0,0,0,0,0,"","","","Scavenger"
"OS",5,"MO",NA,"425(maybe)","N","N ","Mass","DSM",2019-05-24,"19:54","Coyote",1,1,"Adult","Unknown",0,2,0,0,1,0,0,0,0,0,0,0,"carcass","","","Scavenger"
"OS",5,"MO",NA,"425(maybe)","N","N ","Mass","DSM",2019-05-24,"20:02","Coyote",1,1,"Adult","Unknown",0,2,0,0,0,0,0,0,0,1,0,0,"","","","Scavenger"
"OS",5,"MO",NA,"425(maybe)","N","N ","Mass","DSM",2019-05-25,"2:40","Coyote",1,1,"Adult","Unknown",0,2,0,1,0,0,0,0,0,0,0,0,"","","","Scavenger"
"OS",5,"MO",NA,"425(maybe)","N","N ","Mass","DSM",2019-05-25,"2:44","Coyote",1,1,"Adult","Unknown",0,0,0,1,0,0,0,0,0,0,0,0,"","","","Scavenger"
"OS",5,"MO",NA,"425(maybe)","N","N ","Mass","DSM",2019-05-25,"23:35","Coyote",1,1,"Adult","Unknown",0,2,0,1,0,0,0,0,0,0,0,0,"","","","Scavenger"
"OS",5,"MO",NA,"425(maybe)","N","N ","Mass","DSM",2019-05-25,"23:43","Coyote",1,1,"Adult","Unknown",0,0,0,0,1,0,0,0,0,0,0,0,"","","","Scavenger"
"OS",5,"MO",NA,"425(maybe)","N","N ","Mass","DSM",2019-05-26,"2:33","Coyote",1,1,"Adult","Unknown",0,0,0,0,1,0,0,0,0,0,0,0,"carcass","","","Scavenger"
"OS",5,"MO",NA,"425(maybe)","N","N ","Mass","DSM",2019-05-26,"2:38","Coyote",1,1,"Adult","Unknown",0,0,0,1,0,0,0,0,0,0,0,0,"","","","Scavenger"
"OS",5,"MO",NA,"425(maybe)","N","N ","Mass","DSM",2019-05-26,"2:44","Coyote",1,1,"Adult","Unknown",0,2,0,1,0,0,0,0,0,0,0,0,"","","","Scavenger"
"OS",5,"MO",NA,"425(maybe)","N","N ","Mass","DSM",2019-05-26,"23:50","Coyote",1,1,"Adult","Unknown",0,2,0,1,0,0,0,0,0,0,0,0,"","","","Scavenger"
"OS",5,"MO",NA,"425(maybe)","N","N ","Mass","DSM",2019-05-27,"3:07","Coyote",1,1,"Adult","Unknown",0,2,0,1,0,0,0,0,0,0,0,0,"","","","Scavenger"
"OS",5,"MO",NA,"425(maybe)","N","N ","Mass","DSM",2019-05-28,"21:45","Coyote",1,1,"Adult","Unknown",0,2,0,1,0,0,0,0,0,0,0,0,"","","","Scavenger"
"OS",5,"MO",NA,"425(maybe)","N","N ","Mass","DSM",2019-05-29,"21:43","Coyote",1,1,"Adult","Unknown",0,2,0,1,0,0,0,0,0,0,0,0,"","","","Scavenger"
"OS",5,"MO",NA,"425(maybe)","N","N ","N","DSM",2019-05-30,"21:24","Coyote",1,1,"Adult","Unknown",3,2,0,1,0,0,0,0,0,0,0,0,"","","","Scavenger"
"OS",5,"MO",NA,"425(maybe)","N","N ","N","DSM",2019-05-30,"21:44","Coyote",1,1,"Adult","Unknown",0,1,0,2,0,0,0,0,0,0,0,0,"","","","Scavenger"
"OS",5,"MO",NA,"425(maybe)","N","N ","N","DSM",2019-05-31,"21:36","Coyote",1,1,"Adult","Unknown",0,3,0,2,0,0,0,0,0,1,0,0,"","","","Scavenger"
"OS",5,"MO",NA,"425(maybe)","N","N ","N","DSM",2019-06-07,"1:52","Coyote",1,1,"Adult","Unknown",0,2,0,1,0,0,0,0,0,0,0,0,"","","","Scavenger"
"OS",5,"MO",NA,"425(maybe)","N","N ","N","DSM",2019-06-08,"0:46","Coyote",1,1,"Adult","Unknown",0,1,0,0,0,0,0,0,0,0,0,0,"edge of plot","","","Scavenger"
"OS",5,"MO",NA,"425(maybe)","N","N ","N","DSM",2019-06-23,"1:19","Coyote",1,1,"Adult","Unknown",0,2,0,0,0,0,0,0,0,1,0,0,"","","","Scavenger"
"OS",5,"MO",NA,"425(maybe)","N","N ","N","DSM",2019-06-23,"21:26","Coyote",1,1,"Adult","Unknown",0,2,0,0,0,0,0,0,0,1,0,0,"","","","Scavenger"
"OS",5,"MO",NA,"425(maybe)","N","N ","N","DSM",2019-06-28,"0:59","Coyote",1,1,"Adult","Unknown",0,2,0,1,0,0,0,0,0,0,0,0,"","","","Scavenger"
"OS",5,"MO",NA,"425(maybe)","N","N ","N","DSM",2019-06-28,"21:39","Coyote",1,1,"Adult","Unknown",0,0,0,1,0,0,0,0,0,0,0,0,"","","","Scavenger"
"OS",5,"MO",NA,"425(maybe)","N","N ","N","DSM",2019-07-01,"21:50","Coyote",1,1,"Adult","Unknown",0,1,0,2,0,0,0,0,0,0,0,0,"","","","Scavenger"
"OS",5,"MO",NA,"425(maybe)","N","N ","N","DSM",2019-07-02,"20:27","Coyote",1,1,"Adult","Unknown",0,2,0,1,0,0,0,0,0,0,0,0,"","","","Scavenger"
"OS",5,"MO",NA,"425(maybe)","N","N ","N","DSM",2019-07-04,"21:41","Coyote",1,1,"Adult","Unknown",3,2,0,1,0,0,0,0,0,0,0,0,"","","","Scavenger"
"OS",5,"MO",NA,"425(maybe)","N","N ","N","DSM",2019-07-05,"7:18","Coyote",1,1,"Adult","Unknown",0,2,0,3,0,0,0,0,0,1,0,0,"","","","Scavenger"
"OS",5,"MO",NA,"425(maybe)","N","N ","N","DSM",2019-07-05,"22:32","Coyote",1,1,"Adult","Unknown",0,0,0,1,0,0,0,0,0,0,0,0,"","","","Scavenger"
"OS",5,"MO",NA,"425(maybe)","N","N ","N","DSM",2019-07-06,"1:03","Coyote",1,1,"Adult","Unknown",0,0,0,1,0,0,0,0,0,0,0,0,"","","","Scavenger"
"GG",3,"CS",NA,"445","N","N","Single","VIS",2019-05-29,"21:35","Coyote",1,1,"Adult","Uknown",0,1,0,0,0,0,0,0,0,0,0,0,"","","","Scavenger"
"WP",4,"CO",NA,"437","N","N","Single","DSM",2019-04-24,"18:09","Coyote",1,1,"Adult","Unknown",2,0,0,0,1,0,0,0,0,0,0,0,"can't tell what is being consumed. if it's consuming carrion then it is really far away from where the carcass was. ","","","Scavenger"
"WP",4,"CO",NA,"437","N","N","Single","DSM",2019-04-26,"4:13","Coyote",1,1,"Adult","Unknown",0,1,0,0,0,0,0,0,0,0,0,0,"","","","Scavenger"
"WP",4,"CO",NA,"437","N","N","Single","DSM",2019-04-26,"23:38","Coyote",1,1,"Adult","Unknown",1,2,0,0,0,0,0,0,0,0,0,0,"","","","Scavenger"
"WP",4,"CO",NA,"437","N","N","Single","DSM",2019-04-28,"22:48","Coyote",1,1,"Adult","Unknown",0,2,0,0,0,0,0,0,0,1,0,0,"edge of plot","","","Scavenger"
"WP",4,"CO",NA,"437","N","N","Single","DSM",2019-05-02,"2:37","Coyote",1,1,"Adult","Unknown",0,0,0,1,0,0,0,0,0,0,0,0,"","","","Scavenger"
"WP",4,"CO",NA,"437","N","N","Single","DSM",2019-05-02,"21:15","Coyote",1,1,"Adult","Unknown",0,1,0,0,0,0,0,0,0,2,0,0,"","","","Scavenger"
"WP",4,"CO",NA,"437","N","N","N","DSM",2019-05-07,"5:31","Coyote",1,1,"Adult","Unknown",2,0,3,0,0,0,0,0,0,1,0,0,"","","","Scavenger"
"WP",4,"CO",NA,"437","N","N","N","DSM",2019-05-10,"13:21","Coyote",1,1,"Adult","Unknown",0,0,1,0,0,0,0,0,0,0,0,0,"outside of electric fence","","","Scavenger"
"WP",4,"CO",NA,"437","N","N","N","DSM",2019-05-10,"23:44","Coyote",1,1,"Adult","Unknown",0,0,2,0,0,0,0,0,0,1,0,0,"","","","Scavenger"
"WP",4,"CO",NA,"437","N","N","N","DSM",2019-05-11,"7:33","Coyote",1,1,"Adult","Unknown",2,0,3,0,0,0,0,0,0,1,0,0,"","","","Scavenger"
"WP",4,"CO",NA,"437","N","N","N","DSM",2019-05-14,"1:06","Coyote",1,1,"Adult","Unknown",0,0,0,0,0,0,0,0,0,0,0,0,"","","","Scavenger"
"WP",4,"CO",NA,"437","N","N","N","DSM",2019-05-19,"7:03","Coyote",1,1,"Adult","Unknown",0,1,0,0,0,0,0,0,0,2,0,0,"","","","Scavenger"
"WP",4,"CO",NA,"437","N","N","N","DSM",2019-05-28,"7:00","Coyote",2,1,"Adult","Unknown",0,1,0,0,0,0,0,0,0,2,0,0,"","","","Scavenger"
"WP",4,"CO",NA,"437","N","N","N","DSM",2019-05-28,"7:00","Coyote",2,2,"Adult","Unknown",0,1,0,0,0,0,0,0,0,2,0,0,"","","","Scavenger"
"WP",4,"CO",NA,"437","N","N","N","DSM",2019-06-27,"23:28","Coyote",1,1,"Adult","Unknown",0,0,2,0,0,0,0,0,0,1,0,0,"","","","Scavenger"
"WP",4,"CO",NA,"437","N","N","N","DSM",2019-07-10,"2:12","Coyote",1,1,"Adult","Unknown",0,3,2,0,0,0,0,0,0,1,0,0,"","","","Scavenger"
"WP",4,"CO",NA,"437","N","N","N","DSM",2019-07-20,"23:48","Coyote",1,1,"Adult","Unknown",1,2,3,0,0,0,0,0,0,0,0,0,"","","","Scavenger"
"WP",4,"CO",NA,"437","N","N","N","DSM",2019-07-23,"11:09","Coyote",1,1,"Adult","Unknown",0,0,0,0,0,0,0,0,0,2,0,0,"","","","Scavenger"
"WP",4,"CO",NA,"437","N","N","N","DSM",2019-08-07,"3:32","Coyote",1,1,"Adult","Unknown",0,0,2,0,0,0,0,0,0,1,0,0,"","","","Scavenger"
"OS",1,"CS",NA,"419","N","N","N","AMP",2019-06-23,"21:17","Coyote",1,1,"Adult","Unknown",0,1,0,2,0,0,0,0,0,0,0,0,"","","","Scavenger"
"OS",1,"CS",NA,"419","N","N","N","AMP",2019-06-28,"21:51","Coyote",1,1,"Adult","Unknown",0,1,0,0,0,0,0,0,0,0,0,0,"","","","Scavenger"
"OS",1,"CS",NA,"419","N","N","N","AMP",2019-06-30,"2:13","Coyote",1,1,"Adult","Unknown",0,1,0,2,0,0,0,0,0,0,0,0,"","","","Scavenger"
"OS",1,"CS",NA,"419","N","N","N","AMP",2019-07-02,"5:56","Coyote",1,1,"Adult","Unknown",2,1,0,0,0,0,0,0,0,0,0,0,"","","","Scavenger"
"OS",1,"CS",NA,"419","N","N","N","AMP",2019-07-08,"2:07","Coyote",1,1,"Adult","Unknown",0,1,0,0,0,0,0,0,0,0,0,0,"","","","Scavenger"
"WP",6,"MO",NA,"428A","N","N","Mass","AMP",2019-05-06,"21:46","Coyote",1,1,"Adult","Unknown",2,3,0,0,1,0,0,0,0,0,0,0,"","","","Scavenger"
"WP",6,"MO",NA,"428A","N","N","Mass","AMP",2019-05-06,"21:51","Coyote",1,1,"Adult","Unknown",0,0,0,0,1,0,0,0,0,2,0,0,"","","","Scavenger"
"WP",6,"MO",NA,"428A","N","N","Mass","AMP",2019-05-10,"4:54","Coyote",1,1,"Adult","Unknown",0,0,1,0,0,0,0,0,0,0,0,0,"","","","Scavenger"
"WP",6,"MO",NA,"428A","N","N","Mass","AMP",2019-05-10,"21:55","Coyote",1,1,"Unknown","Unknown",2,3,0,0,1,0,0,0,0,0,0,0,"","","","Scavenger"
"WP",6,"MO",NA,"428A","N","N","Mass","AMP",2019-05-11,"5:28","Coyote",1,1,"Adult","Unknown",3,2,0,0,1,0,0,0,0,0,0,0,"","","","Scavenger"
"WP",6,"MO",NA,"428A","N","N","Mass","AMP",2019-05-11,"5:37","Coyote",1,1,"Adult","Unknown",0,3,0,1,2,0,0,0,0,0,0,0,"","","","Scavenger"
"WP",6,"MO",NA,"428A","N","N","Mass","AMP",2019-05-11,"5:51","Coyote",1,1,"Adult","Unknown",0,1,0,0,2,0,0,0,0,0,0,0,"","","","Scavenger"
"WP",6,"MO",NA,"428A","N","N","Mass","AMP",2019-05-12,"22:33","Coyote",1,1,"Adult","Unknown",3,2,0,1,0,0,0,0,0,0,0,0,"","","","Scavenger"
"WP",6,"MO",NA,"428A","N","N","Mass","AMP",2019-05-13,"21:57","Coyote",1,1,"Adult","Unknown",1,2,0,0,0,0,0,0,0,0,0,0,"","","","Scavenger"
"DF",5,"CH",NA,"429","N","N","Single","AMP",2019-04-20,"6:10","Coyote",1,1,"Adult","Unknown",0,1,0,0,0,0,0,0,0,0,0,0,"","","","Scavenger"
"DF",5,"CH",NA,"429","N","N","Single","AMP",2019-04-22,"3:20","Coyote",1,1,"Adult","Unknown",1,2,0,0,0,0,0,0,0,0,0,0,"","","","Scavenger"
"DF",5,"CH",NA,"429","Y","N","Single","AMP",2019-05-20,"3:17","Coyote",1,1,"Adult","Unknown",0,1,0,0,0,0,0,0,0,2,0,0,"edge of plot","","","Scavenger"
"OS",4,"CO",NA,"421","N","N","Single","AMP",2019-05-04,"3:03","Coyote",1,1,"Adult","Unknown",0,1,0,0,0,0,0,0,0,0,0,0,"","","","Scavenger"
"OS",4,"CO",NA,"421","N","N","Single","AMP",2019-05-07,"5:06","Coyote",1,1,"Adult","Unknown",2,3,0,1,0,0,0,0,0,0,0,0,"","","","Scavenger"
"OS",4,"CO",NA,"421","N","N","Single","AMP",2019-05-08,"22:06","Coyote",1,1,"Adult","Unknown",0,1,0,0,0,0,0,0,0,2,0,0,"mostly out of camera view ","","","Scavenger"
"OS",4,"CO",NA,"421","N","N","Single","AMP",2019-05-10,"1:39","Coyote",1,1,"Adult","Unknown",1,2,0,0,0,0,0,0,0,0,0,0,"","","","Scavenger"
"OS",4,"CO",NA,"421","N","N","Single","AMP",2019-05-14,"4:48","Coyote",1,1,"Adult","Unknown",1,2,0,0,0,0,0,0,0,3,0,0,"","","","Scavenger"
"OS",4,"CO",NA,"421","N","N","Single","AMP",2019-05-17,"1:17","Coyote",1,1,"Adult","Unknown",1,2,0,0,0,0,0,0,0,0,0,0,"","","","Scavenger"
"OS",4,"CO",NA,"421","N","N","Single","AMP",2019-05-19,"19:32","Coyote",1,1,"Adult","Unknown",0,1,0,0,0,0,0,0,0,0,0,0,"","","","Scavenger"
"OS",4,"CO",NA,"421","N","N","Single","AMP",2019-05-19,"22:28","Coyote",1,1,"Adult","Unknown",2,1,0,0,0,0,0,0,0,0,0,0,"","","","Scavenger"
"OS",4,"CO",NA,"421","N","N","Single","AMP",2019-05-20,"4:15","Coyote",1,1,"Adult","Unknown",0,1,0,0,0,0,0,0,0,0,0,0,"","","","Scavenger"
"OS",4,"CO",NA,"421","N","N","Single","AMP",2019-05-20,"4:34","Coyote",1,1,"Adult","Unknown",1,2,0,0,0,0,0,0,0,0,0,0,"","","","Scavenger"
"OS",4,"CO",NA,"421","N","N","Single","AMP",2019-05-20,"5:06","Coyote",1,1,"Adult","Unknown",0,1,0,2,0,0,0,0,0,0,0,0,"","","","Scavenger"
"OS",4,"CO",NA,"421","N","N","Single","AMP",2019-05-20,"7:28","Coyote",1,1,"Adult","Unknown",1,2,0,0,0,0,0,0,0,0,0,0,"","","","Scavenger"
"OS",4,"CO",NA,"421","N","N","Single","AMP",2019-05-21,"5:33","Coyote",1,1,"Adult","Unknown",2,1,0,0,0,0,0,0,0,3,0,0,"","","","Scavenger"
"OS",4,"CO",NA,"421","N","N","Single","AMP",2019-05-21,"5:40","Coyote",1,1,"Adult","Unknown",0,0,0,2,1,0,0,0,0,0,0,0,"","","","Scavenger"
"OS",4,"CO",NA,"421","N","N","Single","AMP",2019-05-23,"2:32","Coyote",1,1,"Adult","Unknown",0,3,0,1,2,0,0,0,0,0,0,0,"","","","Scavenger"
"OS",4,"CO",NA,"421","N","N","Single","AMP",2019-05-23,"2:58","Coyote",1,1,"Adult","Unknown",2,1,3,0,0,0,0,0,0,0,0,0,"","","","Scavenger"
"OS",4,"CO",NA,"421","N","N","Single","AMP",2019-05-24,"4:44","Coyote",1,1,"Adult","unknown",0,0,0,0,1,0,0,0,0,0,0,0,"","","","Scavenger"
"OS",4,"CO",NA,"421","N","N","Single","AMP",2019-05-24,"4:48","Coyote",1,1,"Adult","Unknown",0,2,0,1,0,0,0,0,0,0,0,0,"","","","Scavenger"
"OS",4,"CO",NA,"421","N","N","Single","AMP",2019-05-25,"2:13","Coyote",1,1,"Adult","Unknown",0,2,0,0,1,0,0,0,0,0,0,0,"","","","Scavenger"
"OS",4,"CO",NA,"421","N","N","Single","AMP",2019-05-25,"22:56","Coyote",1,1,"Adult","Unknown",1,2,0,0,0,0,0,0,0,0,0,0,"","","","Scavenger"
"OS",4,"CO",NA,"421","N","N","Single","AMP",2019-05-26,"3:25","Coyote",1,1,"Adult","Unknown",0,0,0,2,1,0,0,0,0,0,0,0,"","","","Scavenger"
"OS",4,"CO",NA,"421","N","N","Single","AMP",2019-05-26,"23:37","Coyote",1,1,"Adult","Unknown",1,0,0,2,0,0,0,0,0,0,0,0,"headlights (?) show up ","","","Scavenger"
"OS",4,"CO",NA,"421","N","N","Single","AMP",2019-05-28,"5:14","Coyote",1,1,"Adult","Unknown",3,1,0,1,0,0,0,0,0,0,0,0,"","","","Scavenger"
"OS",4,"CO",NA,"421","N","N","Single","AMP",2019-05-29,"21:57","Coyote",1,1,"Adult","Unknown",2,0,1,0,0,0,0,0,0,0,0,0,"","","","Scavenger"
"OS",4,"CO",NA,"421","N","N","Single","AMP",2019-05-30,"22:59","Coyote",1,1,"Adult","Unknown",1,2,0,0,0,0,0,0,0,0,3,0,"curious reactions","","","Scavenger"
"OS",4,"CO",NA,"421","N","N","Single","AMP",2019-06-05,"22:44","Coyote",1,1,"Adult","Unknown",0,0,1,0,0,0,0,0,0,0,0,0,"","","","Scavenger"
"OS",4,"CO",NA,"421","N","N","Single","AMP",2019-06-08,"0:48","Coyote",1,1,"Adult","Unknown",2,1,0,0,0,0,0,0,0,0,0,0,"","","","Scavenger"
"OS",4,"CO",NA,"421","N","N","Single","AMP",2019-07-01,"21:49","Coyote",1,1,"Adult","Unknown",0,1,0,2,0,0,0,0,0,0,0,0,"","","","Scavenger"
"OS",4,"CO",NA,"421","N","N","Single","AMP",2019-07-03,"8:10","Coyote",1,1,"Adult","Unknown",2,1,0,0,0,0,0,0,0,0,0,0,"","","","Scavenger"
"OS",4,"CO",NA,"421","N","N","Single","AMP",2019-07-02,"17:34","Coyote",1,1,"Adult","Unknown",0,1,0,0,0,0,0,0,0,0,0,0,"","","","Scavenger"
"OS",4,"CO",NA,"421","N","N","Single","AMP",2019-07-05,"19:20","Coyote",1,1,"Adult","Unknown",0,1,0,2,0,0,0,0,0,0,0,0,"","","","Scavenger"
"OS",4,"CO",NA,"421","N","N","Single","AMP",2019-07-06,"1:23","Coyote",1,1,"Adult","Unknown",0,2,0,1,3,0,0,0,0,0,4,0,"seems to be playing with or observing carrion","","","Scavenger"
"OS",4,"CO",NA,"421","N","N","Single","AMP",2019-07-16,"2:32","Coyote",1,1,"Adult","Unknown",2,1,0,0,0,0,0,0,0,0,0,0,"","","","Scavenger"
"OS",2,"CH",NA,"439","N","N","Single","AMP",2019-05-13,"20:49","Coyote",1,1,"Adult","Unknown",0,1,0,0,0,0,0,0,0,0,0,0,"edge of plot","","","Scavenger"
"OS",2,"CH",NA,"439","N","N","Single","AMP",2019-05-24,"6:42","Coyote",1,1,"Adult","Unknown",0,1,0,0,0,0,0,0,0,0,0,0,"stops to itch self","","","Scavenger"
"DF",6,"CO",NA,"423","N","N","Y","AJW",2019-04-17,"23:32","Coyote",1,1,NA,NA,2,1,0,0,0,0,0,0,0,0,0,0,"","","","Scavenger"
"DF",6,"CO",NA,"423","N","N","Y","AJW",2019-04-17,"23:42","Coyote",1,1,NA,NA,1,2,0,0,0,0,0,0,0,0,0,0,"","","","Scavenger"
"DF",6,"CO",NA,"423","N","N","Y","AJW",2019-04-17,"23:48","Coyote",1,1,NA,NA,2,0,0,0,1,0,0,0,0,0,0,0,"Caught Carrying the Carrion off Camera","","","Scavenger"
"DF",6,"CO",NA,"423","N","N","N","AJW",2019-04-17,"23:53","Coyote",1,1,NA,NA,2,3,0,0,1,0,0,0,0,0,0,0,"Caught Carrying the Carrion off Camera","","","Scavenger"
"DF",6,"CO",NA,"423","N","N","N","AJW",2019-04-18,"16:22","Coyote",1,1,NA,NA,1,2,0,0,0,0,0,0,0,0,0,0,"","","","Scavenger"
"DF",6,"CO",NA,"423","N","N","N","AJW",2019-04-19,"7:11","Coyote",1,1,NA,NA,2,1,0,0,0,0,0,0,0,0,0,0,"","","","Scavenger"
"DF",6,"CO",NA,"423","N","N","N","AJW",2019-04-19,"22:26","Coyote",1,1,NA,NA,1,2,0,0,0,0,0,0,0,0,0,0,"","","","Scavenger"
"DF",6,"CO",NA,"423","N","N","N","AJW",2019-04-20,"3:57","Coyote",1,1,NA,NA,0,1,0,0,0,0,0,0,0,0,0,0,"","","","Scavenger"
"DF",6,"CO",NA,"423","N","N","N","AJW",2019-04-20,"2:04","Coyote",1,1,NA,NA,0,1,0,0,0,0,0,0,0,0,0,0,"","","","Scavenger"
"DF",6,"CO",NA,"423","N","N","N","AJW",2019-05-20,"20:30","Coyote",1,1,NA,NA,0,1,0,0,0,0,0,0,0,0,0,0,"","","","Scavenger"
"DF",6,"CO",NA,"423","N","N","N","AJW",2019-07-15,"7:39","Coyote",1,1,NA,NA,2,1,0,0,0,0,0,0,0,0,0,0,"","","","Scavenger"
