SITE,BIOMASS,EXCLUSION,PACKET,DORMANCY.CLASS,SPECIES,ID,FINAL.STATUS
WP,MME,Scavenger,BA,PY,MASY,1,1
WP,MME,Scavenger,BA,PY,MASY,2,1
WP,MME,Scavenger,BA,PY,MASY,3,1
WP,MME,Scavenger,BA,PY,MASY,4,0
WP,MME,Scavenger,BA,PY,MASY,5,0
WP,MME,Scavenger,BA,PY,MASY,6,0
WP,MME,Scavenger,BA,PY,MASY,7,0
WP,MME,Scavenger,BA,PY,MASY,8,0
WP,MME,Scavenger,BA,PY,MASY,9,0
WP,MME,Scavenger,BA,PY,MASY,10,0
WP,MME,Scavenger,BA,PD,TRAE,1,0
WP,MME,Scavenger,BA,PD,TRAE,2,0
WP,MME,Scavenger,BA,PD,TRAE,3,0
WP,MME,Scavenger,BA,PD,TRAE,4,0
WP,MME,Scavenger,BA,PD,TRAE,5,0
WP,MME,Scavenger,BA,PD,TRAE,6,0
WP,MME,Scavenger,BA,PD,TRAE,7,0
WP,MME,Scavenger,BA,PD,TRAE,8,0
WP,MME,Scavenger,BA,PD,TRAE,9,0
WP,MME,Scavenger,BA,PD,TRAE,10,0
WP,MME,Scavenger,BA,ND,SIALD,1,1
WP,MME,Scavenger,BA,ND,SIALD,2,1
WP,MME,Scavenger,BA,ND,SIALD,3,1
WP,MME,Scavenger,BA,ND,SIALD,4,1
WP,MME,Scavenger,BA,ND,SIALD,5,0
WP,MME,Scavenger,BA,ND,SIALD,6,0
WP,MME,Scavenger,BA,ND,SIALD,7,0
WP,MME,Scavenger,BA,ND,SIALD,8,0
WP,MME,Scavenger,BA,ND,SIALD,9,0
WP,MME,Scavenger,BA,ND,SIALD,10,0
WP,MME,Scavenger,BU,PY,MASY,1,0
WP,MME,Scavenger,BU,PY,MASY,2,0
WP,MME,Scavenger,BU,PY,MASY,3,0
WP,MME,Scavenger,BU,PY,MASY,4,0
WP,MME,Scavenger,BU,PY,MASY,5,0
WP,MME,Scavenger,BU,PY,MASY,6,0
WP,MME,Scavenger,BU,PY,MASY,7,0
WP,MME,Scavenger,BU,PY,MASY,8,0
WP,MME,Scavenger,BU,PY,MASY,9,0
WP,MME,Scavenger,BU,PY,MASY,10,0
WP,MME,Scavenger,BU,PD,TRAE,1,0
WP,MME,Scavenger,BU,PD,TRAE,2,0
WP,MME,Scavenger,BU,PD,TRAE,3,0
WP,MME,Scavenger,BU,PD,TRAE,4,0
WP,MME,Scavenger,BU,PD,TRAE,5,0
WP,MME,Scavenger,BU,PD,TRAE,6,0
WP,MME,Scavenger,BU,PD,TRAE,7,0
WP,MME,Scavenger,BU,PD,TRAE,8,0
WP,MME,Scavenger,BU,PD,TRAE,9,0
WP,MME,Scavenger,BU,PD,TRAE,10,0
WP,MME,Scavenger,BU,ND,SIALD,1,1
WP,MME,Scavenger,BU,ND,SIALD,2,0
WP,MME,Scavenger,BU,ND,SIALD,3,0
WP,MME,Scavenger,BU,ND,SIALD,4,0
WP,MME,Scavenger,BU,ND,SIALD,5,0
WP,MME,Scavenger,BU,ND,SIALD,6,0
WP,MME,Scavenger,BU,ND,SIALD,7,0
WP,MME,Scavenger,BU,ND,SIALD,8,0
WP,MME,Scavenger,BU,ND,SIALD,9,0
WP,MME,Scavenger,BU,ND,SIALD,10,0
WP,MME,Scavenger,AA,PY,MASY,1,0
WP,MME,Scavenger,AA,PY,MASY,2,0
WP,MME,Scavenger,AA,PY,MASY,3,0
WP,MME,Scavenger,AA,PY,MASY,4,0
WP,MME,Scavenger,AA,PY,MASY,5,0
WP,MME,Scavenger,AA,PY,MASY,6,0
WP,MME,Scavenger,AA,PY,MASY,7,0
WP,MME,Scavenger,AA,PY,MASY,8,0
WP,MME,Scavenger,AA,PY,MASY,9,0
WP,MME,Scavenger,AA,PY,MASY,10,0
WP,MME,Scavenger,AA,PD,TRAE,1,0
WP,MME,Scavenger,AA,PD,TRAE,2,0
WP,MME,Scavenger,AA,PD,TRAE,3,0
WP,MME,Scavenger,AA,PD,TRAE,4,0
WP,MME,Scavenger,AA,PD,TRAE,5,0
WP,MME,Scavenger,AA,PD,TRAE,6,0
WP,MME,Scavenger,AA,PD,TRAE,7,0
WP,MME,Scavenger,AA,PD,TRAE,8,0
WP,MME,Scavenger,AA,PD,TRAE,9,0
WP,MME,Scavenger,AA,PD,TRAE,10,0
WP,MME,Scavenger,AA,ND,SIALD,1,1
WP,MME,Scavenger,AA,ND,SIALD,2,1
WP,MME,Scavenger,AA,ND,SIALD,3,1
WP,MME,Scavenger,AA,ND,SIALD,4,1
WP,MME,Scavenger,AA,ND,SIALD,5,1
WP,MME,Scavenger,AA,ND,SIALD,6,1
WP,MME,Scavenger,AA,ND,SIALD,7,1
WP,MME,Scavenger,AA,ND,SIALD,8,1
WP,MME,Scavenger,AA,ND,SIALD,9,1
WP,MME,Scavenger,AA,ND,SIALD,10,0
WP,MME,Scavenger,AT,PY,MASY,1,0
WP,MME,Scavenger,AT,PY,MASY,2,0
WP,MME,Scavenger,AT,PY,MASY,3,0
WP,MME,Scavenger,AT,PY,MASY,4,0
WP,MME,Scavenger,AT,PY,MASY,5,0
WP,MME,Scavenger,AT,PY,MASY,6,0
WP,MME,Scavenger,AT,PY,MASY,7,0
WP,MME,Scavenger,AT,PY,MASY,8,0
WP,MME,Scavenger,AT,PY,MASY,9,0
WP,MME,Scavenger,AT,PY,MASY,10,0
WP,MME,Scavenger,AT,PD,TRAE,1,0
WP,MME,Scavenger,AT,PD,TRAE,2,0
WP,MME,Scavenger,AT,PD,TRAE,3,0
WP,MME,Scavenger,AT,PD,TRAE,4,0
WP,MME,Scavenger,AT,PD,TRAE,5,0
WP,MME,Scavenger,AT,PD,TRAE,6,0
WP,MME,Scavenger,AT,PD,TRAE,7,0
WP,MME,Scavenger,AT,PD,TRAE,8,0
WP,MME,Scavenger,AT,PD,TRAE,9,0
WP,MME,Scavenger,AT,PD,TRAE,10,0
WP,MME,Scavenger,AT,ND,SIALD,1,0
WP,MME,Scavenger,AT,ND,SIALD,2,0
WP,MME,Scavenger,AT,ND,SIALD,3,0
WP,MME,Scavenger,AT,ND,SIALD,4,0
WP,MME,Scavenger,AT,ND,SIALD,5,0
WP,MME,Scavenger,AT,ND,SIALD,6,0
WP,MME,Scavenger,AT,ND,SIALD,7,0
WP,MME,Scavenger,AT,ND,SIALD,8,0
WP,MME,Scavenger,AT,ND,SIALD,9,0
WP,MME,Scavenger,AT,ND,SIALD,10,0
WP,Single carcass,Herbivore,BU,PY,MASY,1,0
WP,Single carcass,Herbivore,BU,PY,MASY,2,0
WP,Single carcass,Herbivore,BU,PY,MASY,3,0
WP,Single carcass,Herbivore,BU,PY,MASY,4,0
WP,Single carcass,Herbivore,BU,PY,MASY,5,0
WP,Single carcass,Herbivore,BU,PY,MASY,6,0
WP,Single carcass,Herbivore,BU,PY,MASY,7,0
WP,Single carcass,Herbivore,BU,PY,MASY,8,0
WP,Single carcass,Herbivore,BU,PY,MASY,9,0
WP,Single carcass,Herbivore,BU,PY,MASY,10,0
WP,Single carcass,Herbivore,BU,PD,TRAE,1,0
WP,Single carcass,Herbivore,BU,PD,TRAE,2,0
WP,Single carcass,Herbivore,BU,PD,TRAE,3,0
WP,Single carcass,Herbivore,BU,PD,TRAE,4,0
WP,Single carcass,Herbivore,BU,PD,TRAE,5,0
WP,Single carcass,Herbivore,BU,PD,TRAE,6,0
WP,Single carcass,Herbivore,BU,PD,TRAE,7,0
WP,Single carcass,Herbivore,BU,PD,TRAE,8,0
WP,Single carcass,Herbivore,BU,PD,TRAE,9,0
WP,Single carcass,Herbivore,BU,PD,TRAE,10,0
WP,Single carcass,Herbivore,BU,ND,SIALD,1,0
WP,Single carcass,Herbivore,BU,ND,SIALD,2,0
WP,Single carcass,Herbivore,BU,ND,SIALD,3,0
WP,Single carcass,Herbivore,BU,ND,SIALD,4,0
WP,Single carcass,Herbivore,BU,ND,SIALD,5,0
WP,Single carcass,Herbivore,BU,ND,SIALD,6,0
WP,Single carcass,Herbivore,BU,ND,SIALD,7,0
WP,Single carcass,Herbivore,BU,ND,SIALD,8,0
WP,Single carcass,Herbivore,BU,ND,SIALD,9,0
WP,Single carcass,Herbivore,BU,ND,SIALD,10,0
WP,Single carcass,Herbivore,BA,PY,MASY,1,1
WP,Single carcass,Herbivore,BA,PY,MASY,2,1
WP,Single carcass,Herbivore,BA,PY,MASY,3,0
WP,Single carcass,Herbivore,BA,PY,MASY,4,0
WP,Single carcass,Herbivore,BA,PY,MASY,5,0
WP,Single carcass,Herbivore,BA,PY,MASY,6,0
WP,Single carcass,Herbivore,BA,PY,MASY,7,0
WP,Single carcass,Herbivore,BA,PY,MASY,8,0
WP,Single carcass,Herbivore,BA,PY,MASY,9,0
WP,Single carcass,Herbivore,BA,PY,MASY,10,0
WP,Single carcass,Herbivore,BA,PD,TRAE,1,0
WP,Single carcass,Herbivore,BA,PD,TRAE,2,0
WP,Single carcass,Herbivore,BA,PD,TRAE,3,0
WP,Single carcass,Herbivore,BA,PD,TRAE,4,0
WP,Single carcass,Herbivore,BA,PD,TRAE,5,0
WP,Single carcass,Herbivore,BA,PD,TRAE,6,0
WP,Single carcass,Herbivore,BA,PD,TRAE,7,0
WP,Single carcass,Herbivore,BA,PD,TRAE,8,0
WP,Single carcass,Herbivore,BA,PD,TRAE,9,0
WP,Single carcass,Herbivore,BA,PD,TRAE,10,0
WP,Single carcass,Herbivore,BA,ND,SIALD,1,0
WP,Single carcass,Herbivore,BA,ND,SIALD,2,0
WP,Single carcass,Herbivore,BA,ND,SIALD,3,0
WP,Single carcass,Herbivore,BA,ND,SIALD,4,0
WP,Single carcass,Herbivore,BA,ND,SIALD,5,0
WP,Single carcass,Herbivore,BA,ND,SIALD,6,0
WP,Single carcass,Herbivore,BA,ND,SIALD,7,0
WP,Single carcass,Herbivore,BA,ND,SIALD,8,0
WP,Single carcass,Herbivore,BA,ND,SIALD,9,0
WP,Single carcass,Herbivore,BA,ND,SIALD,10,0
WP,Single carcass,Herbivore,AA,PY,MASY,1,1
WP,Single carcass,Herbivore,AA,PY,MASY,2,1
WP,Single carcass,Herbivore,AA,PY,MASY,3,1
WP,Single carcass,Herbivore,AA,PY,MASY,4,1
WP,Single carcass,Herbivore,AA,PY,MASY,5,1
WP,Single carcass,Herbivore,AA,PY,MASY,6,1
WP,Single carcass,Herbivore,AA,PY,MASY,7,0
WP,Single carcass,Herbivore,AA,PY,MASY,8,0
WP,Single carcass,Herbivore,AA,PY,MASY,9,0
WP,Single carcass,Herbivore,AA,PY,MASY,10,0
WP,Single carcass,Herbivore,AA,PD,TRAE,1,0
WP,Single carcass,Herbivore,AA,PD,TRAE,2,0
WP,Single carcass,Herbivore,AA,PD,TRAE,3,0
WP,Single carcass,Herbivore,AA,PD,TRAE,4,0
WP,Single carcass,Herbivore,AA,PD,TRAE,5,0
WP,Single carcass,Herbivore,AA,PD,TRAE,6,0
WP,Single carcass,Herbivore,AA,PD,TRAE,7,0
WP,Single carcass,Herbivore,AA,PD,TRAE,8,0
WP,Single carcass,Herbivore,AA,PD,TRAE,9,0
WP,Single carcass,Herbivore,AA,PD,TRAE,10,0
WP,Single carcass,Herbivore,AA,ND,SIALD,1,1
WP,Single carcass,Herbivore,AA,ND,SIALD,2,1
WP,Single carcass,Herbivore,AA,ND,SIALD,3,1
WP,Single carcass,Herbivore,AA,ND,SIALD,4,1
WP,Single carcass,Herbivore,AA,ND,SIALD,5,1
WP,Single carcass,Herbivore,AA,ND,SIALD,6,1
WP,Single carcass,Herbivore,AA,ND,SIALD,7,1
WP,Single carcass,Herbivore,AA,ND,SIALD,8,1
WP,Single carcass,Herbivore,AA,ND,SIALD,9,1
WP,Single carcass,Herbivore,AA,ND,SIALD,10,1
WP,Single carcass,Herbivore,AT,PY,MASY,1,0
WP,Single carcass,Herbivore,AT,PY,MASY,2,0
WP,Single carcass,Herbivore,AT,PY,MASY,3,0
WP,Single carcass,Herbivore,AT,PY,MASY,4,0
WP,Single carcass,Herbivore,AT,PY,MASY,5,0
WP,Single carcass,Herbivore,AT,PY,MASY,6,0
WP,Single carcass,Herbivore,AT,PY,MASY,7,0
WP,Single carcass,Herbivore,AT,PY,MASY,8,0
WP,Single carcass,Herbivore,AT,PY,MASY,9,0
WP,Single carcass,Herbivore,AT,PY,MASY,10,0
WP,Single carcass,Herbivore,AT,PD,TRAE,1,0
WP,Single carcass,Herbivore,AT,PD,TRAE,2,0
WP,Single carcass,Herbivore,AT,PD,TRAE,3,0
WP,Single carcass,Herbivore,AT,PD,TRAE,4,0
WP,Single carcass,Herbivore,AT,PD,TRAE,5,0
WP,Single carcass,Herbivore,AT,PD,TRAE,6,0
WP,Single carcass,Herbivore,AT,PD,TRAE,7,0
WP,Single carcass,Herbivore,AT,PD,TRAE,8,0
WP,Single carcass,Herbivore,AT,PD,TRAE,9,0
WP,Single carcass,Herbivore,AT,PD,TRAE,10,0
WP,Single carcass,Herbivore,AT,ND,SIALD,1,0
WP,Single carcass,Herbivore,AT,ND,SIALD,2,0
WP,Single carcass,Herbivore,AT,ND,SIALD,3,0
WP,Single carcass,Herbivore,AT,ND,SIALD,4,0
WP,Single carcass,Herbivore,AT,ND,SIALD,5,0
WP,Single carcass,Herbivore,AT,ND,SIALD,6,0
WP,Single carcass,Herbivore,AT,ND,SIALD,7,0
WP,Single carcass,Herbivore,AT,ND,SIALD,8,0
WP,Single carcass,Herbivore,AT,ND,SIALD,9,0
WP,Single carcass,Herbivore,AT,ND,SIALD,10,0
WP,MME,Herbivore,BU,PY,MASY,1,0
WP,MME,Herbivore,BU,PY,MASY,2,0
WP,MME,Herbivore,BU,PY,MASY,3,0
WP,MME,Herbivore,BU,PY,MASY,4,0
WP,MME,Herbivore,BU,PY,MASY,5,0
WP,MME,Herbivore,BU,PY,MASY,6,0
WP,MME,Herbivore,BU,PY,MASY,7,0
WP,MME,Herbivore,BU,PY,MASY,8,0
WP,MME,Herbivore,BU,PY,MASY,9,0
WP,MME,Herbivore,BU,PY,MASY,10,0
WP,MME,Herbivore,BU,PD,TRAE,1,0
WP,MME,Herbivore,BU,PD,TRAE,2,0
WP,MME,Herbivore,BU,PD,TRAE,3,0
WP,MME,Herbivore,BU,PD,TRAE,4,0
WP,MME,Herbivore,BU,PD,TRAE,5,0
WP,MME,Herbivore,BU,PD,TRAE,6,0
WP,MME,Herbivore,BU,PD,TRAE,7,0
WP,MME,Herbivore,BU,PD,TRAE,8,0
WP,MME,Herbivore,BU,PD,TRAE,9,0
WP,MME,Herbivore,BU,PD,TRAE,10,0
WP,MME,Herbivore,BU,ND,SIALD,1,0
WP,MME,Herbivore,BU,ND,SIALD,2,0
WP,MME,Herbivore,BU,ND,SIALD,3,0
WP,MME,Herbivore,BU,ND,SIALD,4,0
WP,MME,Herbivore,BU,ND,SIALD,5,0
WP,MME,Herbivore,BU,ND,SIALD,6,0
WP,MME,Herbivore,BU,ND,SIALD,7,0
WP,MME,Herbivore,BU,ND,SIALD,8,0
WP,MME,Herbivore,BU,ND,SIALD,9,0
WP,MME,Herbivore,BU,ND,SIALD,10,0
WP,MME,Herbivore,BA,PY,MASY,1,1
WP,MME,Herbivore,BA,PY,MASY,2,0
WP,MME,Herbivore,BA,PY,MASY,3,0
WP,MME,Herbivore,BA,PY,MASY,4,0
WP,MME,Herbivore,BA,PY,MASY,5,0
WP,MME,Herbivore,BA,PY,MASY,6,0
WP,MME,Herbivore,BA,PY,MASY,7,0
WP,MME,Herbivore,BA,PY,MASY,8,0
WP,MME,Herbivore,BA,PY,MASY,9,0
WP,MME,Herbivore,BA,PY,MASY,10,0
WP,MME,Herbivore,BA,PD,TRAE,1,1
WP,MME,Herbivore,BA,PD,TRAE,2,1
WP,MME,Herbivore,BA,PD,TRAE,3,0
WP,MME,Herbivore,BA,PD,TRAE,4,0
WP,MME,Herbivore,BA,PD,TRAE,5,0
WP,MME,Herbivore,BA,PD,TRAE,6,0
WP,MME,Herbivore,BA,PD,TRAE,7,0
WP,MME,Herbivore,BA,PD,TRAE,8,0
WP,MME,Herbivore,BA,PD,TRAE,9,0
WP,MME,Herbivore,BA,PD,TRAE,10,0
WP,MME,Herbivore,BA,ND,SIALD,1,0
WP,MME,Herbivore,BA,ND,SIALD,2,0
WP,MME,Herbivore,BA,ND,SIALD,3,0
WP,MME,Herbivore,BA,ND,SIALD,4,0
WP,MME,Herbivore,BA,ND,SIALD,5,0
WP,MME,Herbivore,BA,ND,SIALD,6,0
WP,MME,Herbivore,BA,ND,SIALD,7,0
WP,MME,Herbivore,BA,ND,SIALD,8,0
WP,MME,Herbivore,BA,ND,SIALD,9,0
WP,MME,Herbivore,BA,ND,SIALD,10,0
WP,MME,Herbivore,AA,PY,MASY,1,1
WP,MME,Herbivore,AA,PY,MASY,2,1
WP,MME,Herbivore,AA,PY,MASY,3,1
WP,MME,Herbivore,AA,PY,MASY,4,1
WP,MME,Herbivore,AA,PY,MASY,5,1
WP,MME,Herbivore,AA,PY,MASY,6,1
WP,MME,Herbivore,AA,PY,MASY,7,0
WP,MME,Herbivore,AA,PY,MASY,8,0
WP,MME,Herbivore,AA,PY,MASY,9,0
WP,MME,Herbivore,AA,PY,MASY,10,0
WP,MME,Herbivore,AA,PD,TRAE,1,0
WP,MME,Herbivore,AA,PD,TRAE,2,0
WP,MME,Herbivore,AA,PD,TRAE,3,0
WP,MME,Herbivore,AA,PD,TRAE,4,0
WP,MME,Herbivore,AA,PD,TRAE,5,0
WP,MME,Herbivore,AA,PD,TRAE,6,0
WP,MME,Herbivore,AA,PD,TRAE,7,0
WP,MME,Herbivore,AA,PD,TRAE,8,0
WP,MME,Herbivore,AA,PD,TRAE,9,0
WP,MME,Herbivore,AA,PD,TRAE,10,0
WP,MME,Herbivore,AA,ND,SIALD,1,1
WP,MME,Herbivore,AA,ND,SIALD,2,1
WP,MME,Herbivore,AA,ND,SIALD,3,1
WP,MME,Herbivore,AA,ND,SIALD,4,1
WP,MME,Herbivore,AA,ND,SIALD,5,1
WP,MME,Herbivore,AA,ND,SIALD,6,1
WP,MME,Herbivore,AA,ND,SIALD,7,1
WP,MME,Herbivore,AA,ND,SIALD,8,1
WP,MME,Herbivore,AA,ND,SIALD,9,1
WP,MME,Herbivore,AA,ND,SIALD,10,1
WP,MME,Herbivore,AT,PY,MASY,1,1
WP,MME,Herbivore,AT,PY,MASY,2,0
WP,MME,Herbivore,AT,PY,MASY,3,0
WP,MME,Herbivore,AT,PY,MASY,4,0
WP,MME,Herbivore,AT,PY,MASY,5,0
WP,MME,Herbivore,AT,PY,MASY,6,0
WP,MME,Herbivore,AT,PY,MASY,7,0
WP,MME,Herbivore,AT,PY,MASY,8,0
WP,MME,Herbivore,AT,PY,MASY,9,0
WP,MME,Herbivore,AT,PY,MASY,10,0
WP,MME,Herbivore,AT,PD,TRAE,1,0
WP,MME,Herbivore,AT,PD,TRAE,2,0
WP,MME,Herbivore,AT,PD,TRAE,3,0
WP,MME,Herbivore,AT,PD,TRAE,4,0
WP,MME,Herbivore,AT,PD,TRAE,5,0
WP,MME,Herbivore,AT,PD,TRAE,6,0
WP,MME,Herbivore,AT,PD,TRAE,7,0
WP,MME,Herbivore,AT,PD,TRAE,8,0
WP,MME,Herbivore,AT,PD,TRAE,9,0
WP,MME,Herbivore,AT,PD,TRAE,10,0
WP,MME,Herbivore,AT,ND,SIALD,1,1
WP,MME,Herbivore,AT,ND,SIALD,2,1
WP,MME,Herbivore,AT,ND,SIALD,3,0
WP,MME,Herbivore,AT,ND,SIALD,4,0
WP,MME,Herbivore,AT,ND,SIALD,5,0
WP,MME,Herbivore,AT,ND,SIALD,6,0
WP,MME,Herbivore,AT,ND,SIALD,7,0
WP,MME,Herbivore,AT,ND,SIALD,8,0
WP,MME,Herbivore,AT,ND,SIALD,9,0
WP,MME,Herbivore,AT,ND,SIALD,10,0
WP,Single carcass,Open,BU,PY,MASY,1,0
WP,Single carcass,Open,BU,PY,MASY,2,0
WP,Single carcass,Open,BU,PY,MASY,3,0
WP,Single carcass,Open,BU,PY,MASY,4,0
WP,Single carcass,Open,BU,PY,MASY,5,0
WP,Single carcass,Open,BU,PY,MASY,6,0
WP,Single carcass,Open,BU,PY,MASY,7,0
WP,Single carcass,Open,BU,PY,MASY,8,0
WP,Single carcass,Open,BU,PY,MASY,9,0
WP,Single carcass,Open,BU,PY,MASY,10,0
WP,Single carcass,Open,BU,PD,TRAE,1,1
WP,Single carcass,Open,BU,PD,TRAE,2,NA
WP,Single carcass,Open,BU,PD,TRAE,3,0
WP,Single carcass,Open,BU,PD,TRAE,4,0
WP,Single carcass,Open,BU,PD,TRAE,5,0
WP,Single carcass,Open,BU,PD,TRAE,6,0
WP,Single carcass,Open,BU,PD,TRAE,7,0
WP,Single carcass,Open,BU,PD,TRAE,8,0
WP,Single carcass,Open,BU,PD,TRAE,9,0
WP,Single carcass,Open,BU,PD,TRAE,10,0
WP,Single carcass,Open,BU,ND,SIALD,1,0
WP,Single carcass,Open,BU,ND,SIALD,2,0
WP,Single carcass,Open,BU,ND,SIALD,3,0
WP,Single carcass,Open,BU,ND,SIALD,4,0
WP,Single carcass,Open,BU,ND,SIALD,5,0
WP,Single carcass,Open,BU,ND,SIALD,6,0
WP,Single carcass,Open,BU,ND,SIALD,7,0
WP,Single carcass,Open,BU,ND,SIALD,8,0
WP,Single carcass,Open,BU,ND,SIALD,9,0
WP,Single carcass,Open,BU,ND,SIALD,10,0
WP,Single carcass,Open,BA,PY,MASY,1,0
WP,Single carcass,Open,BA,PY,MASY,2,0
WP,Single carcass,Open,BA,PY,MASY,3,0
WP,Single carcass,Open,BA,PY,MASY,4,0
WP,Single carcass,Open,BA,PY,MASY,5,0
WP,Single carcass,Open,BA,PY,MASY,6,0
WP,Single carcass,Open,BA,PY,MASY,7,0
WP,Single carcass,Open,BA,PY,MASY,8,0
WP,Single carcass,Open,BA,PY,MASY,9,0
WP,Single carcass,Open,BA,PY,MASY,10,0
WP,Single carcass,Open,BA,PD,TRAE,1,0
WP,Single carcass,Open,BA,PD,TRAE,2,0
WP,Single carcass,Open,BA,PD,TRAE,3,0
WP,Single carcass,Open,BA,PD,TRAE,4,0
WP,Single carcass,Open,BA,PD,TRAE,5,0
WP,Single carcass,Open,BA,PD,TRAE,6,0
WP,Single carcass,Open,BA,PD,TRAE,7,0
WP,Single carcass,Open,BA,PD,TRAE,8,0
WP,Single carcass,Open,BA,PD,TRAE,9,0
WP,Single carcass,Open,BA,PD,TRAE,10,0
WP,Single carcass,Open,BA,ND,SIALD,1,0
WP,Single carcass,Open,BA,ND,SIALD,2,0
WP,Single carcass,Open,BA,ND,SIALD,3,0
WP,Single carcass,Open,BA,ND,SIALD,4,0
WP,Single carcass,Open,BA,ND,SIALD,5,0
WP,Single carcass,Open,BA,ND,SIALD,6,0
WP,Single carcass,Open,BA,ND,SIALD,7,0
WP,Single carcass,Open,BA,ND,SIALD,8,0
WP,Single carcass,Open,BA,ND,SIALD,9,0
WP,Single carcass,Open,BA,ND,SIALD,10,0
WP,Single carcass,Open,AA,PY,MASY,1,1
WP,Single carcass,Open,AA,PY,MASY,2,1
WP,Single carcass,Open,AA,PY,MASY,3,1
WP,Single carcass,Open,AA,PY,MASY,4,1
WP,Single carcass,Open,AA,PY,MASY,5,1
WP,Single carcass,Open,AA,PY,MASY,6,1
WP,Single carcass,Open,AA,PY,MASY,7,0
WP,Single carcass,Open,AA,PY,MASY,8,0
WP,Single carcass,Open,AA,PY,MASY,9,0
WP,Single carcass,Open,AA,PY,MASY,10,0
WP,Single carcass,Open,AA,PD,TRAE,1,1
WP,Single carcass,Open,AA,PD,TRAE,2,1
WP,Single carcass,Open,AA,PD,TRAE,3,1
WP,Single carcass,Open,AA,PD,TRAE,4,0
WP,Single carcass,Open,AA,PD,TRAE,5,0
WP,Single carcass,Open,AA,PD,TRAE,6,0
WP,Single carcass,Open,AA,PD,TRAE,7,0
WP,Single carcass,Open,AA,PD,TRAE,8,0
WP,Single carcass,Open,AA,PD,TRAE,9,0
WP,Single carcass,Open,AA,PD,TRAE,10,0
WP,Single carcass,Open,AA,ND,SIALD,1,1
WP,Single carcass,Open,AA,ND,SIALD,2,1
WP,Single carcass,Open,AA,ND,SIALD,3,1
WP,Single carcass,Open,AA,ND,SIALD,4,1
WP,Single carcass,Open,AA,ND,SIALD,5,1
WP,Single carcass,Open,AA,ND,SIALD,6,1
WP,Single carcass,Open,AA,ND,SIALD,7,1
WP,Single carcass,Open,AA,ND,SIALD,8,1
WP,Single carcass,Open,AA,ND,SIALD,9,1
WP,Single carcass,Open,AA,ND,SIALD,10,1
WP,Single carcass,Open,AT,PY,MASY,1,1
WP,Single carcass,Open,AT,PY,MASY,2,1
WP,Single carcass,Open,AT,PY,MASY,3,1
WP,Single carcass,Open,AT,PY,MASY,4,0
WP,Single carcass,Open,AT,PY,MASY,5,0
WP,Single carcass,Open,AT,PY,MASY,6,0
WP,Single carcass,Open,AT,PY,MASY,7,0
WP,Single carcass,Open,AT,PY,MASY,8,0
WP,Single carcass,Open,AT,PY,MASY,9,0
WP,Single carcass,Open,AT,PY,MASY,10,0
WP,Single carcass,Open,AT,PD,TRAE,1,0
WP,Single carcass,Open,AT,PD,TRAE,2,0
WP,Single carcass,Open,AT,PD,TRAE,3,0
WP,Single carcass,Open,AT,PD,TRAE,4,0
WP,Single carcass,Open,AT,PD,TRAE,5,0
WP,Single carcass,Open,AT,PD,TRAE,6,0
WP,Single carcass,Open,AT,PD,TRAE,7,0
WP,Single carcass,Open,AT,PD,TRAE,8,0
WP,Single carcass,Open,AT,PD,TRAE,9,0
WP,Single carcass,Open,AT,PD,TRAE,10,0
WP,Single carcass,Open,AT,ND,SIALD,1,NA
WP,Single carcass,Open,AT,ND,SIALD,2,NA
WP,Single carcass,Open,AT,ND,SIALD,3,NA
WP,Single carcass,Open,AT,ND,SIALD,4,NA
WP,Single carcass,Open,AT,ND,SIALD,5,NA
WP,Single carcass,Open,AT,ND,SIALD,6,NA
WP,Single carcass,Open,AT,ND,SIALD,7,NA
WP,Single carcass,Open,AT,ND,SIALD,8,NA
WP,Single carcass,Open,AT,ND,SIALD,9,NA
WP,Single carcass,Open,AT,ND,SIALD,10,NA
WP,Single carcass,Scavenger,BU,PY,MASY,1,0
WP,Single carcass,Scavenger,BU,PY,MASY,2,0
WP,Single carcass,Scavenger,BU,PY,MASY,3,0
WP,Single carcass,Scavenger,BU,PY,MASY,4,0
WP,Single carcass,Scavenger,BU,PY,MASY,5,0
WP,Single carcass,Scavenger,BU,PY,MASY,6,0
WP,Single carcass,Scavenger,BU,PY,MASY,7,0
WP,Single carcass,Scavenger,BU,PY,MASY,8,0
WP,Single carcass,Scavenger,BU,PY,MASY,9,0
WP,Single carcass,Scavenger,BU,PY,MASY,10,0
WP,Single carcass,Scavenger,BU,PD,TRAE,1,1
WP,Single carcass,Scavenger,BU,PD,TRAE,2,1
WP,Single carcass,Scavenger,BU,PD,TRAE,3,0
WP,Single carcass,Scavenger,BU,PD,TRAE,4,0
WP,Single carcass,Scavenger,BU,PD,TRAE,5,0
WP,Single carcass,Scavenger,BU,PD,TRAE,6,0
WP,Single carcass,Scavenger,BU,PD,TRAE,7,0
WP,Single carcass,Scavenger,BU,PD,TRAE,8,0
WP,Single carcass,Scavenger,BU,PD,TRAE,9,0
WP,Single carcass,Scavenger,BU,PD,TRAE,10,0
WP,Single carcass,Scavenger,BU,ND,SIALD,1,0
WP,Single carcass,Scavenger,BU,ND,SIALD,2,0
WP,Single carcass,Scavenger,BU,ND,SIALD,3,0
WP,Single carcass,Scavenger,BU,ND,SIALD,4,0
WP,Single carcass,Scavenger,BU,ND,SIALD,5,0
WP,Single carcass,Scavenger,BU,ND,SIALD,6,0
WP,Single carcass,Scavenger,BU,ND,SIALD,7,0
WP,Single carcass,Scavenger,BU,ND,SIALD,8,0
WP,Single carcass,Scavenger,BU,ND,SIALD,9,0
WP,Single carcass,Scavenger,BU,ND,SIALD,10,0
WP,Single carcass,Scavenger,BA,PY,MASY,1,1
WP,Single carcass,Scavenger,BA,PY,MASY,2,0
WP,Single carcass,Scavenger,BA,PY,MASY,3,0
WP,Single carcass,Scavenger,BA,PY,MASY,4,0
WP,Single carcass,Scavenger,BA,PY,MASY,5,0
WP,Single carcass,Scavenger,BA,PY,MASY,6,0
WP,Single carcass,Scavenger,BA,PY,MASY,7,0
WP,Single carcass,Scavenger,BA,PY,MASY,8,0
WP,Single carcass,Scavenger,BA,PY,MASY,9,0
WP,Single carcass,Scavenger,BA,PY,MASY,10,0
WP,Single carcass,Scavenger,BA,PD,TRAE,1,1
WP,Single carcass,Scavenger,BA,PD,TRAE,2,0
WP,Single carcass,Scavenger,BA,PD,TRAE,3,0
WP,Single carcass,Scavenger,BA,PD,TRAE,4,0
WP,Single carcass,Scavenger,BA,PD,TRAE,5,0
WP,Single carcass,Scavenger,BA,PD,TRAE,6,0
WP,Single carcass,Scavenger,BA,PD,TRAE,7,0
WP,Single carcass,Scavenger,BA,PD,TRAE,8,0
WP,Single carcass,Scavenger,BA,PD,TRAE,9,0
WP,Single carcass,Scavenger,BA,PD,TRAE,10,0
WP,Single carcass,Scavenger,BA,ND,SIALD,1,1
WP,Single carcass,Scavenger,BA,ND,SIALD,2,1
WP,Single carcass,Scavenger,BA,ND,SIALD,3,0
WP,Single carcass,Scavenger,BA,ND,SIALD,4,0
WP,Single carcass,Scavenger,BA,ND,SIALD,5,0
WP,Single carcass,Scavenger,BA,ND,SIALD,6,0
WP,Single carcass,Scavenger,BA,ND,SIALD,7,0
WP,Single carcass,Scavenger,BA,ND,SIALD,8,0
WP,Single carcass,Scavenger,BA,ND,SIALD,9,0
WP,Single carcass,Scavenger,BA,ND,SIALD,10,0
WP,Single carcass,Scavenger,AA,PY,MASY,1,1
WP,Single carcass,Scavenger,AA,PY,MASY,2,1
WP,Single carcass,Scavenger,AA,PY,MASY,3,1
WP,Single carcass,Scavenger,AA,PY,MASY,4,1
WP,Single carcass,Scavenger,AA,PY,MASY,5,1
WP,Single carcass,Scavenger,AA,PY,MASY,6,0
WP,Single carcass,Scavenger,AA,PY,MASY,7,0
WP,Single carcass,Scavenger,AA,PY,MASY,8,0
WP,Single carcass,Scavenger,AA,PY,MASY,9,0
WP,Single carcass,Scavenger,AA,PY,MASY,10,0
WP,Single carcass,Scavenger,AA,PD,TRAE,1,0
WP,Single carcass,Scavenger,AA,PD,TRAE,2,0
WP,Single carcass,Scavenger,AA,PD,TRAE,3,0
WP,Single carcass,Scavenger,AA,PD,TRAE,4,0
WP,Single carcass,Scavenger,AA,PD,TRAE,5,0
WP,Single carcass,Scavenger,AA,PD,TRAE,6,0
WP,Single carcass,Scavenger,AA,PD,TRAE,7,0
WP,Single carcass,Scavenger,AA,PD,TRAE,8,0
WP,Single carcass,Scavenger,AA,PD,TRAE,9,0
WP,Single carcass,Scavenger,AA,PD,TRAE,10,0
WP,Single carcass,Scavenger,AA,ND,SIALD,1,1
WP,Single carcass,Scavenger,AA,ND,SIALD,2,1
WP,Single carcass,Scavenger,AA,ND,SIALD,3,1
WP,Single carcass,Scavenger,AA,ND,SIALD,4,1
WP,Single carcass,Scavenger,AA,ND,SIALD,5,1
WP,Single carcass,Scavenger,AA,ND,SIALD,6,1
WP,Single carcass,Scavenger,AA,ND,SIALD,7,1
WP,Single carcass,Scavenger,AA,ND,SIALD,8,0
WP,Single carcass,Scavenger,AA,ND,SIALD,9,0
WP,Single carcass,Scavenger,AA,ND,SIALD,10,0
WP,Single carcass,Scavenger,AT,PY,MASY,1,1
WP,Single carcass,Scavenger,AT,PY,MASY,2,0
WP,Single carcass,Scavenger,AT,PY,MASY,3,0
WP,Single carcass,Scavenger,AT,PY,MASY,4,0
WP,Single carcass,Scavenger,AT,PY,MASY,5,0
WP,Single carcass,Scavenger,AT,PY,MASY,6,0
WP,Single carcass,Scavenger,AT,PY,MASY,7,0
WP,Single carcass,Scavenger,AT,PY,MASY,8,0
WP,Single carcass,Scavenger,AT,PY,MASY,9,0
WP,Single carcass,Scavenger,AT,PY,MASY,10,0
WP,Single carcass,Scavenger,AT,PD,TRAE,1,0
WP,Single carcass,Scavenger,AT,PD,TRAE,2,0
WP,Single carcass,Scavenger,AT,PD,TRAE,3,0
WP,Single carcass,Scavenger,AT,PD,TRAE,4,0
WP,Single carcass,Scavenger,AT,PD,TRAE,5,0
WP,Single carcass,Scavenger,AT,PD,TRAE,6,0
WP,Single carcass,Scavenger,AT,PD,TRAE,7,0
WP,Single carcass,Scavenger,AT,PD,TRAE,8,0
WP,Single carcass,Scavenger,AT,PD,TRAE,9,0
WP,Single carcass,Scavenger,AT,PD,TRAE,10,0
WP,Single carcass,Scavenger,AT,ND,SIALD,1,1
WP,Single carcass,Scavenger,AT,ND,SIALD,2,0
WP,Single carcass,Scavenger,AT,ND,SIALD,3,0
WP,Single carcass,Scavenger,AT,ND,SIALD,4,0
WP,Single carcass,Scavenger,AT,ND,SIALD,5,0
WP,Single carcass,Scavenger,AT,ND,SIALD,6,0
WP,Single carcass,Scavenger,AT,ND,SIALD,7,0
WP,Single carcass,Scavenger,AT,ND,SIALD,8,0
WP,Single carcass,Scavenger,AT,ND,SIALD,9,0
WP,Single carcass,Scavenger,AT,ND,SIALD,10,0
WP,MME,Open,BU,PY,MASY,1,0
WP,MME,Open,BU,PY,MASY,2,0
WP,MME,Open,BU,PY,MASY,3,0
WP,MME,Open,BU,PY,MASY,4,0
WP,MME,Open,BU,PY,MASY,5,0
WP,MME,Open,BU,PY,MASY,6,0
WP,MME,Open,BU,PY,MASY,7,0
WP,MME,Open,BU,PY,MASY,8,0
WP,MME,Open,BU,PY,MASY,9,0
WP,MME,Open,BU,PY,MASY,10,0
WP,MME,Open,BU,PD,TRAE,1,1
WP,MME,Open,BU,PD,TRAE,2,1
WP,MME,Open,BU,PD,TRAE,3,1
WP,MME,Open,BU,PD,TRAE,4,0
WP,MME,Open,BU,PD,TRAE,5,0
WP,MME,Open,BU,PD,TRAE,6,0
WP,MME,Open,BU,PD,TRAE,7,0
WP,MME,Open,BU,PD,TRAE,8,0
WP,MME,Open,BU,PD,TRAE,9,0
WP,MME,Open,BU,PD,TRAE,10,0
WP,MME,Open,BU,ND,SIALD,1,0
WP,MME,Open,BU,ND,SIALD,2,0
WP,MME,Open,BU,ND,SIALD,3,0
WP,MME,Open,BU,ND,SIALD,4,0
WP,MME,Open,BU,ND,SIALD,5,0
WP,MME,Open,BU,ND,SIALD,6,0
WP,MME,Open,BU,ND,SIALD,7,0
WP,MME,Open,BU,ND,SIALD,8,0
WP,MME,Open,BU,ND,SIALD,9,0
WP,MME,Open,BU,ND,SIALD,10,0
WP,MME,Open,BA,PY,MASY,1,0
WP,MME,Open,BA,PY,MASY,2,0
WP,MME,Open,BA,PY,MASY,3,0
WP,MME,Open,BA,PY,MASY,4,0
WP,MME,Open,BA,PY,MASY,5,0
WP,MME,Open,BA,PY,MASY,6,0
WP,MME,Open,BA,PY,MASY,7,0
WP,MME,Open,BA,PY,MASY,8,0
WP,MME,Open,BA,PY,MASY,9,0
WP,MME,Open,BA,PY,MASY,10,0
WP,MME,Open,BA,PD,TRAE,1,1
WP,MME,Open,BA,PD,TRAE,2,1
WP,MME,Open,BA,PD,TRAE,3,0
WP,MME,Open,BA,PD,TRAE,4,0
WP,MME,Open,BA,PD,TRAE,5,0
WP,MME,Open,BA,PD,TRAE,6,0
WP,MME,Open,BA,PD,TRAE,7,0
WP,MME,Open,BA,PD,TRAE,8,0
WP,MME,Open,BA,PD,TRAE,9,0
WP,MME,Open,BA,PD,TRAE,10,0
WP,MME,Open,BA,ND,SIALD,1,0
WP,MME,Open,BA,ND,SIALD,2,0
WP,MME,Open,BA,ND,SIALD,3,0
WP,MME,Open,BA,ND,SIALD,4,0
WP,MME,Open,BA,ND,SIALD,5,0
WP,MME,Open,BA,ND,SIALD,6,0
WP,MME,Open,BA,ND,SIALD,7,0
WP,MME,Open,BA,ND,SIALD,8,0
WP,MME,Open,BA,ND,SIALD,9,0
WP,MME,Open,BA,ND,SIALD,10,0
WP,MME,Open,AA,PY,MASY,1,1
WP,MME,Open,AA,PY,MASY,2,0
WP,MME,Open,AA,PY,MASY,3,0
WP,MME,Open,AA,PY,MASY,4,0
WP,MME,Open,AA,PY,MASY,5,0
WP,MME,Open,AA,PY,MASY,6,0
WP,MME,Open,AA,PY,MASY,7,0
WP,MME,Open,AA,PY,MASY,8,0
WP,MME,Open,AA,PY,MASY,9,0
WP,MME,Open,AA,PY,MASY,10,0
WP,MME,Open,AA,PD,TRAE,1,0
WP,MME,Open,AA,PD,TRAE,2,0
WP,MME,Open,AA,PD,TRAE,3,0
WP,MME,Open,AA,PD,TRAE,4,0
WP,MME,Open,AA,PD,TRAE,5,0
WP,MME,Open,AA,PD,TRAE,6,0
WP,MME,Open,AA,PD,TRAE,7,0
WP,MME,Open,AA,PD,TRAE,8,0
WP,MME,Open,AA,PD,TRAE,9,0
WP,MME,Open,AA,PD,TRAE,10,0
WP,MME,Open,AA,ND,SIALD,1,1
WP,MME,Open,AA,ND,SIALD,2,1
WP,MME,Open,AA,ND,SIALD,3,1
WP,MME,Open,AA,ND,SIALD,4,1
WP,MME,Open,AA,ND,SIALD,5,1
WP,MME,Open,AA,ND,SIALD,6,1
WP,MME,Open,AA,ND,SIALD,7,1
WP,MME,Open,AA,ND,SIALD,8,1
WP,MME,Open,AA,ND,SIALD,9,1
WP,MME,Open,AA,ND,SIALD,10,1
WP,MME,Open,AT,PY,MASY,1,0
WP,MME,Open,AT,PY,MASY,2,0
WP,MME,Open,AT,PY,MASY,3,0
WP,MME,Open,AT,PY,MASY,4,0
WP,MME,Open,AT,PY,MASY,5,0
WP,MME,Open,AT,PY,MASY,6,0
WP,MME,Open,AT,PY,MASY,7,0
WP,MME,Open,AT,PY,MASY,8,0
WP,MME,Open,AT,PY,MASY,9,0
WP,MME,Open,AT,PY,MASY,10,0
WP,MME,Open,AT,PD,TRAE,1,0
WP,MME,Open,AT,PD,TRAE,2,0
WP,MME,Open,AT,PD,TRAE,3,0
WP,MME,Open,AT,PD,TRAE,4,0
WP,MME,Open,AT,PD,TRAE,5,0
WP,MME,Open,AT,PD,TRAE,6,0
WP,MME,Open,AT,PD,TRAE,7,0
WP,MME,Open,AT,PD,TRAE,8,0
WP,MME,Open,AT,PD,TRAE,9,0
WP,MME,Open,AT,PD,TRAE,10,0
WP,MME,Open,AT,ND,SIALD,1,0
WP,MME,Open,AT,ND,SIALD,2,0
WP,MME,Open,AT,ND,SIALD,3,0
WP,MME,Open,AT,ND,SIALD,4,0
WP,MME,Open,AT,ND,SIALD,5,0
WP,MME,Open,AT,ND,SIALD,6,0
WP,MME,Open,AT,ND,SIALD,7,0
WP,MME,Open,AT,ND,SIALD,8,0
WP,MME,Open,AT,ND,SIALD,9,0
WP,MME,Open,AT,ND,SIALD,10,0
WP,Reference,Reference,A,PY,MASY,1,1
WP,Reference,Reference,A,PY,MASY,2,0
WP,Reference,Reference,A,PY,MASY,3,0
WP,Reference,Reference,A,PY,MASY,4,0
WP,Reference,Reference,A,PY,MASY,5,0
WP,Reference,Reference,A,PY,MASY,6,0
WP,Reference,Reference,A,PY,MASY,7,0
WP,Reference,Reference,A,PY,MASY,8,0
WP,Reference,Reference,A,PY,MASY,9,0
WP,Reference,Reference,A,PY,MASY,10,0
WP,Reference,Reference,A,PD,TRAE,1,0
WP,Reference,Reference,A,PD,TRAE,2,0
WP,Reference,Reference,A,PD,TRAE,3,0
WP,Reference,Reference,A,PD,TRAE,4,0
WP,Reference,Reference,A,PD,TRAE,5,0
WP,Reference,Reference,A,PD,TRAE,6,0
WP,Reference,Reference,A,PD,TRAE,7,0
WP,Reference,Reference,A,PD,TRAE,8,0
WP,Reference,Reference,A,PD,TRAE,9,0
WP,Reference,Reference,A,PD,TRAE,10,0
WP,Reference,Reference,A,ND,SIALD,1,1
WP,Reference,Reference,A,ND,SIALD,2,1
WP,Reference,Reference,A,ND,SIALD,3,1
WP,Reference,Reference,A,ND,SIALD,4,1
WP,Reference,Reference,A,ND,SIALD,5,0
WP,Reference,Reference,A,ND,SIALD,6,0
WP,Reference,Reference,A,ND,SIALD,7,0
WP,Reference,Reference,A,ND,SIALD,8,0
WP,Reference,Reference,A,ND,SIALD,9,0
WP,Reference,Reference,A,ND,SIALD,10,0
WP,Reference,Reference,B,PY,MASY,1,1
WP,Reference,Reference,B,PY,MASY,2,1
WP,Reference,Reference,B,PY,MASY,3,1
WP,Reference,Reference,B,PY,MASY,4,1
WP,Reference,Reference,B,PY,MASY,5,0
WP,Reference,Reference,B,PY,MASY,6,0
WP,Reference,Reference,B,PY,MASY,7,0
WP,Reference,Reference,B,PY,MASY,8,0
WP,Reference,Reference,B,PY,MASY,9,0
WP,Reference,Reference,B,PY,MASY,10,0
WP,Reference,Reference,B,PD,TRAE,1,1
WP,Reference,Reference,B,PD,TRAE,2,1
WP,Reference,Reference,B,PD,TRAE,3,1
WP,Reference,Reference,B,PD,TRAE,4,1
WP,Reference,Reference,B,PD,TRAE,5,0
WP,Reference,Reference,B,PD,TRAE,6,0
WP,Reference,Reference,B,PD,TRAE,7,0
WP,Reference,Reference,B,PD,TRAE,8,0
WP,Reference,Reference,B,PD,TRAE,9,0
WP,Reference,Reference,B,PD,TRAE,10,0
WP,Reference,Reference,B,ND,SIALD,1,1
WP,Reference,Reference,B,ND,SIALD,2,1
WP,Reference,Reference,B,ND,SIALD,3,1
WP,Reference,Reference,B,ND,SIALD,4,0
WP,Reference,Reference,B,ND,SIALD,5,0
WP,Reference,Reference,B,ND,SIALD,6,0
WP,Reference,Reference,B,ND,SIALD,7,0
WP,Reference,Reference,B,ND,SIALD,8,0
WP,Reference,Reference,B,ND,SIALD,9,0
WP,Reference,Reference,B,ND,SIALD,10,0
DF,MME,Scavenger,BU,PY,RHGL,1,0
DF,MME,Scavenger,BU,PY,RHGL,2,0
DF,MME,Scavenger,BU,PY,RHGL,3,0
DF,MME,Scavenger,BU,PY,RHGL,4,0
DF,MME,Scavenger,BU,PY,RHGL,5,0
DF,MME,Scavenger,BU,PD,SYRIN,1,0
DF,MME,Scavenger,BU,PD,SYRIN,2,0
DF,MME,Scavenger,BU,PD,SYRIN,3,0
DF,MME,Scavenger,BU,ND,PISY,1,0
DF,MME,Scavenger,BU,ND,PISY,2,0
DF,MME,Scavenger,BU,ND,PISY,3,0
DF,MME,Scavenger,BU,ND,PISY,4,0
DF,MME,Scavenger,BU,ND,PISY,5,0
DF,MME,Scavenger,BU,ND,PISY,6,0
DF,MME,Scavenger,BU,ND,PISY,7,0
DF,MME,Scavenger,BU,ND,PISY,8,0
DF,MME,Scavenger,BU,ND,PISY,9,0
DF,MME,Scavenger,BU,ND,PISY,10,0
DF,MME,Scavenger,BA,PY,RHGL,1,0
DF,MME,Scavenger,BA,PY,RHGL,2,0
DF,MME,Scavenger,BA,PY,RHGL,3,0
DF,MME,Scavenger,BA,PY,RHGL,4,0
DF,MME,Scavenger,BA,PY,RHGL,5,0
DF,MME,Scavenger,BA,PD,SYRIN,1,0
DF,MME,Scavenger,BA,PD,SYRIN,2,0
DF,MME,Scavenger,BA,PD,SYRIN,3,0
DF,MME,Scavenger,BA,ND,PISY,1,1
DF,MME,Scavenger,BA,ND,PISY,2,0
DF,MME,Scavenger,BA,ND,PISY,3,0
DF,MME,Scavenger,BA,ND,PISY,4,0
DF,MME,Scavenger,BA,ND,PISY,5,0
DF,MME,Scavenger,BA,ND,PISY,6,0
DF,MME,Scavenger,BA,ND,PISY,7,0
DF,MME,Scavenger,BA,ND,PISY,8,0
DF,MME,Scavenger,BA,ND,PISY,9,0
DF,MME,Scavenger,BA,ND,PISY,10,0
DF,MME,Scavenger,AA,PY,RHGL,1,0
DF,MME,Scavenger,AA,PY,RHGL,2,0
DF,MME,Scavenger,AA,PY,RHGL,3,NA
DF,MME,Scavenger,AA,PY,RHGL,4,NA
DF,MME,Scavenger,AA,PY,RHGL,5,NA
DF,MME,Scavenger,AA,PD,SYRIN,1,1
DF,MME,Scavenger,AA,PD,SYRIN,2,1
DF,MME,Scavenger,AA,PD,SYRIN,3,0
DF,MME,Scavenger,AA,ND,PISY,1,0
DF,MME,Scavenger,AA,ND,PISY,2,0
DF,MME,Scavenger,AA,ND,PISY,3,0
DF,MME,Scavenger,AA,ND,PISY,4,0
DF,MME,Scavenger,AA,ND,PISY,5,0
DF,MME,Scavenger,AA,ND,PISY,6,0
DF,MME,Scavenger,AA,ND,PISY,7,0
DF,MME,Scavenger,AA,ND,PISY,8,0
DF,MME,Scavenger,AA,ND,PISY,9,0
DF,MME,Scavenger,AA,ND,PISY,10,0
DF,MME,Scavenger,AT,PY,RHGL,1,0
DF,MME,Scavenger,AT,PY,RHGL,2,0
DF,MME,Scavenger,AT,PY,RHGL,3,0
DF,MME,Scavenger,AT,PY,RHGL,4,0
DF,MME,Scavenger,AT,PY,RHGL,5,0
DF,MME,Scavenger,AT,PD,SYRIN,1,1
DF,MME,Scavenger,AT,PD,SYRIN,2,0
DF,MME,Scavenger,AT,PD,SYRIN,3,0
DF,MME,Scavenger,AT,ND,PISY,1,0
DF,MME,Scavenger,AT,ND,PISY,2,0
DF,MME,Scavenger,AT,ND,PISY,3,0
DF,MME,Scavenger,AT,ND,PISY,4,0
DF,MME,Scavenger,AT,ND,PISY,5,0
DF,MME,Scavenger,AT,ND,PISY,6,0
DF,MME,Scavenger,AT,ND,PISY,7,0
DF,MME,Scavenger,AT,ND,PISY,8,0
DF,MME,Scavenger,AT,ND,PISY,9,0
DF,MME,Scavenger,AT,ND,PISY,10,0
DF,Single carcass,Scavenger,BU,PY,RHGL,1,0
DF,Single carcass,Scavenger,BU,PY,RHGL,2,0
DF,Single carcass,Scavenger,BU,PY,RHGL,3,0
DF,Single carcass,Scavenger,BU,PY,RHGL,4,0
DF,Single carcass,Scavenger,BU,PY,RHGL,5,0
DF,Single carcass,Scavenger,BU,PD,SYRIN,1,0
DF,Single carcass,Scavenger,BU,PD,SYRIN,2,0
DF,Single carcass,Scavenger,BU,PD,SYRIN,3,0
DF,Single carcass,Scavenger,BU,ND,PISY,1,0
DF,Single carcass,Scavenger,BU,ND,PISY,2,0
DF,Single carcass,Scavenger,BU,ND,PISY,3,0
DF,Single carcass,Scavenger,BU,ND,PISY,4,0
DF,Single carcass,Scavenger,BU,ND,PISY,5,0
DF,Single carcass,Scavenger,BU,ND,PISY,6,0
DF,Single carcass,Scavenger,BU,ND,PISY,7,0
DF,Single carcass,Scavenger,BU,ND,PISY,8,0
DF,Single carcass,Scavenger,BU,ND,PISY,9,0
DF,Single carcass,Scavenger,BU,ND,PISY,10,0
DF,Single carcass,Scavenger,BA,PY,RHGL,1,0
DF,Single carcass,Scavenger,BA,PY,RHGL,2,0
DF,Single carcass,Scavenger,BA,PY,RHGL,3,NA
DF,Single carcass,Scavenger,BA,PY,RHGL,4,NA
DF,Single carcass,Scavenger,BA,PY,RHGL,5,0
DF,Single carcass,Scavenger,BA,PD,SYRIN,1,1
DF,Single carcass,Scavenger,BA,PD,SYRIN,2,0
DF,Single carcass,Scavenger,BA,PD,SYRIN,3,0
DF,Single carcass,Scavenger,BA,ND,PISY,1,1
DF,Single carcass,Scavenger,BA,ND,PISY,2,1
DF,Single carcass,Scavenger,BA,ND,PISY,3,1
DF,Single carcass,Scavenger,BA,ND,PISY,4,0
DF,Single carcass,Scavenger,BA,ND,PISY,5,0
DF,Single carcass,Scavenger,BA,ND,PISY,6,0
DF,Single carcass,Scavenger,BA,ND,PISY,7,0
DF,Single carcass,Scavenger,BA,ND,PISY,8,0
DF,Single carcass,Scavenger,BA,ND,PISY,9,0
DF,Single carcass,Scavenger,BA,ND,PISY,10,0
DF,Single carcass,Scavenger,AA,PY,RHGL,1,0
DF,Single carcass,Scavenger,AA,PY,RHGL,2,0
DF,Single carcass,Scavenger,AA,PY,RHGL,3,0
DF,Single carcass,Scavenger,AA,PY,RHGL,4,0
DF,Single carcass,Scavenger,AA,PY,RHGL,5,0
DF,Single carcass,Scavenger,AA,PD,SYRIN,1,1
DF,Single carcass,Scavenger,AA,PD,SYRIN,2,1
DF,Single carcass,Scavenger,AA,PD,SYRIN,3,1
DF,Single carcass,Scavenger,AA,ND,PISY,1,0
DF,Single carcass,Scavenger,AA,ND,PISY,2,1
DF,Single carcass,Scavenger,AA,ND,PISY,3,1
DF,Single carcass,Scavenger,AA,ND,PISY,4,1
DF,Single carcass,Scavenger,AA,ND,PISY,5,0
DF,Single carcass,Scavenger,AA,ND,PISY,6,0
DF,Single carcass,Scavenger,AA,ND,PISY,7,0
DF,Single carcass,Scavenger,AA,ND,PISY,8,0
DF,Single carcass,Scavenger,AA,ND,PISY,9,0
DF,Single carcass,Scavenger,AA,ND,PISY,10,0
DF,Single carcass,Scavenger,AT,PY,RHGL,1,1
DF,Single carcass,Scavenger,AT,PY,RHGL,2,1
DF,Single carcass,Scavenger,AT,PY,RHGL,3,0
DF,Single carcass,Scavenger,AT,PY,RHGL,4,0
DF,Single carcass,Scavenger,AT,PY,RHGL,5,0
DF,Single carcass,Scavenger,AT,PD,SYRIN,1,0
DF,Single carcass,Scavenger,AT,PD,SYRIN,2,0
DF,Single carcass,Scavenger,AT,PD,SYRIN,3,0
DF,Single carcass,Scavenger,AT,ND,PISY,1,0
DF,Single carcass,Scavenger,AT,ND,PISY,2,0
DF,Single carcass,Scavenger,AT,ND,PISY,3,0
DF,Single carcass,Scavenger,AT,ND,PISY,4,0
DF,Single carcass,Scavenger,AT,ND,PISY,5,0
DF,Single carcass,Scavenger,AT,ND,PISY,6,0
DF,Single carcass,Scavenger,AT,ND,PISY,7,0
DF,Single carcass,Scavenger,AT,ND,PISY,8,0
DF,Single carcass,Scavenger,AT,ND,PISY,9,0
DF,Single carcass,Scavenger,AT,ND,PISY,10,0
DF,MME,Herbivore,BU,PY,RHGL,1,0
DF,MME,Herbivore,BU,PY,RHGL,2,0
DF,MME,Herbivore,BU,PY,RHGL,3,0
DF,MME,Herbivore,BU,PY,RHGL,4,0
DF,MME,Herbivore,BU,PY,RHGL,5,0
DF,MME,Herbivore,BU,PD,SYRIN,1,0
DF,MME,Herbivore,BU,PD,SYRIN,2,0
DF,MME,Herbivore,BU,PD,SYRIN,3,0
DF,MME,Herbivore,BU,ND,PISY,1,0
DF,MME,Herbivore,BU,ND,PISY,2,0
DF,MME,Herbivore,BU,ND,PISY,3,0
DF,MME,Herbivore,BU,ND,PISY,4,0
DF,MME,Herbivore,BU,ND,PISY,5,0
DF,MME,Herbivore,BU,ND,PISY,6,0
DF,MME,Herbivore,BU,ND,PISY,7,0
DF,MME,Herbivore,BU,ND,PISY,8,0
DF,MME,Herbivore,BU,ND,PISY,9,0
DF,MME,Herbivore,BU,ND,PISY,10,0
DF,MME,Herbivore,BA,PY,RHGL,1,0
DF,MME,Herbivore,BA,PY,RHGL,2,0
DF,MME,Herbivore,BA,PY,RHGL,3,0
DF,MME,Herbivore,BA,PY,RHGL,4,0
DF,MME,Herbivore,BA,PY,RHGL,5,0
DF,MME,Herbivore,BA,PD,SYRIN,1,0
DF,MME,Herbivore,BA,PD,SYRIN,2,0
DF,MME,Herbivore,BA,PD,SYRIN,3,0
DF,MME,Herbivore,BA,ND,PISY,1,1
DF,MME,Herbivore,BA,ND,PISY,2,1
DF,MME,Herbivore,BA,ND,PISY,3,1
DF,MME,Herbivore,BA,ND,PISY,4,0
DF,MME,Herbivore,BA,ND,PISY,5,0
DF,MME,Herbivore,BA,ND,PISY,6,0
DF,MME,Herbivore,BA,ND,PISY,7,0
DF,MME,Herbivore,BA,ND,PISY,8,0
DF,MME,Herbivore,BA,ND,PISY,9,0
DF,MME,Herbivore,BA,ND,PISY,10,0
DF,MME,Herbivore,AA,PY,RHGL,1,1
DF,MME,Herbivore,AA,PY,RHGL,2,1
DF,MME,Herbivore,AA,PY,RHGL,3,0
DF,MME,Herbivore,AA,PY,RHGL,4,0
DF,MME,Herbivore,AA,PY,RHGL,5,0
DF,MME,Herbivore,AA,PD,SYRIN,1,0
DF,MME,Herbivore,AA,PD,SYRIN,2,0
DF,MME,Herbivore,AA,PD,SYRIN,3,0
DF,MME,Herbivore,AA,ND,PISY,1,0
DF,MME,Herbivore,AA,ND,PISY,2,0
DF,MME,Herbivore,AA,ND,PISY,3,0
DF,MME,Herbivore,AA,ND,PISY,4,0
DF,MME,Herbivore,AA,ND,PISY,5,0
DF,MME,Herbivore,AA,ND,PISY,6,0
DF,MME,Herbivore,AA,ND,PISY,7,0
DF,MME,Herbivore,AA,ND,PISY,8,0
DF,MME,Herbivore,AA,ND,PISY,9,0
DF,MME,Herbivore,AA,ND,PISY,10,0
DF,MME,Herbivore,AT,PY,RHGL,1,1
DF,MME,Herbivore,AT,PY,RHGL,2,0
DF,MME,Herbivore,AT,PY,RHGL,3,0
DF,MME,Herbivore,AT,PY,RHGL,4,0
DF,MME,Herbivore,AT,PY,RHGL,5,0
DF,MME,Herbivore,AT,PD,SYRIN,1,0
DF,MME,Herbivore,AT,PD,SYRIN,2,0
DF,MME,Herbivore,AT,PD,SYRIN,3,0
DF,MME,Herbivore,AT,ND,PISY,1,0
DF,MME,Herbivore,AT,ND,PISY,2,0
DF,MME,Herbivore,AT,ND,PISY,3,0
DF,MME,Herbivore,AT,ND,PISY,4,0
DF,MME,Herbivore,AT,ND,PISY,5,0
DF,MME,Herbivore,AT,ND,PISY,6,0
DF,MME,Herbivore,AT,ND,PISY,7,0
DF,MME,Herbivore,AT,ND,PISY,8,0
DF,MME,Herbivore,AT,ND,PISY,9,0
DF,MME,Herbivore,AT,ND,PISY,10,0
DF,MME,Open,BU,PY,RHGL,1,0
DF,MME,Open,BU,PY,RHGL,2,0
DF,MME,Open,BU,PY,RHGL,3,0
DF,MME,Open,BU,PY,RHGL,4,0
DF,MME,Open,BU,PY,RHGL,5,0
DF,MME,Open,BU,PD,SYRIN,1,0
DF,MME,Open,BU,PD,SYRIN,2,0
DF,MME,Open,BU,PD,SYRIN,3,0
DF,MME,Open,BU,ND,PISY,1,0
DF,MME,Open,BU,ND,PISY,2,0
DF,MME,Open,BU,ND,PISY,3,0
DF,MME,Open,BU,ND,PISY,4,0
DF,MME,Open,BU,ND,PISY,5,0
DF,MME,Open,BU,ND,PISY,6,0
DF,MME,Open,BU,ND,PISY,7,0
DF,MME,Open,BU,ND,PISY,8,0
DF,MME,Open,BU,ND,PISY,9,0
DF,MME,Open,BU,ND,PISY,10,0
DF,MME,Open,BA,PY,RHGL,1,0
DF,MME,Open,BA,PY,RHGL,2,0
DF,MME,Open,BA,PY,RHGL,3,0
DF,MME,Open,BA,PY,RHGL,4,0
DF,MME,Open,BA,PY,RHGL,5,0
DF,MME,Open,BA,PD,SYRIN,1,0
DF,MME,Open,BA,PD,SYRIN,2,0
DF,MME,Open,BA,PD,SYRIN,3,0
DF,MME,Open,BA,ND,PISY,1,0
DF,MME,Open,BA,ND,PISY,2,0
DF,MME,Open,BA,ND,PISY,3,0
DF,MME,Open,BA,ND,PISY,4,0
DF,MME,Open,BA,ND,PISY,5,0
DF,MME,Open,BA,ND,PISY,6,0
DF,MME,Open,BA,ND,PISY,7,0
DF,MME,Open,BA,ND,PISY,8,0
DF,MME,Open,BA,ND,PISY,9,0
DF,MME,Open,BA,ND,PISY,10,0
DF,MME,Open,AA,PY,RHGL,1,1
DF,MME,Open,AA,PY,RHGL,2,1
DF,MME,Open,AA,PY,RHGL,3,0
DF,MME,Open,AA,PY,RHGL,4,0
DF,MME,Open,AA,PY,RHGL,5,0
DF,MME,Open,AA,PD,SYRIN,1,1
DF,MME,Open,AA,PD,SYRIN,2,0
DF,MME,Open,AA,PD,SYRIN,3,0
DF,MME,Open,AA,ND,PISY,1,1
DF,MME,Open,AA,ND,PISY,2,NA
DF,MME,Open,AA,ND,PISY,3,0
DF,MME,Open,AA,ND,PISY,4,0
DF,MME,Open,AA,ND,PISY,5,0
DF,MME,Open,AA,ND,PISY,6,0
DF,MME,Open,AA,ND,PISY,7,0
DF,MME,Open,AA,ND,PISY,8,0
DF,MME,Open,AA,ND,PISY,9,0
DF,MME,Open,AA,ND,PISY,10,0
DF,MME,Open,AT,PY,RHGL,1,0
DF,MME,Open,AT,PY,RHGL,2,0
DF,MME,Open,AT,PY,RHGL,3,0
DF,MME,Open,AT,PY,RHGL,4,0
DF,MME,Open,AT,PY,RHGL,5,0
DF,MME,Open,AT,PD,SYRIN,1,0
DF,MME,Open,AT,PD,SYRIN,2,0
DF,MME,Open,AT,PD,SYRIN,3,0
DF,MME,Open,AT,ND,PISY,1,0
DF,MME,Open,AT,ND,PISY,2,0
DF,MME,Open,AT,ND,PISY,3,0
DF,MME,Open,AT,ND,PISY,4,0
DF,MME,Open,AT,ND,PISY,5,0
DF,MME,Open,AT,ND,PISY,6,0
DF,MME,Open,AT,ND,PISY,7,0
DF,MME,Open,AT,ND,PISY,8,0
DF,MME,Open,AT,ND,PISY,9,0
DF,MME,Open,AT,ND,PISY,10,0
DF,Single carcass,Herbivore,BU,PY,RHGL,1,0
DF,Single carcass,Herbivore,BU,PY,RHGL,2,0
DF,Single carcass,Herbivore,BU,PY,RHGL,3,0
DF,Single carcass,Herbivore,BU,PY,RHGL,4,0
DF,Single carcass,Herbivore,BU,PY,RHGL,5,0
DF,Single carcass,Herbivore,BU,PD,SYRIN,1,0
DF,Single carcass,Herbivore,BU,PD,SYRIN,2,0
DF,Single carcass,Herbivore,BU,PD,SYRIN,3,0
DF,Single carcass,Herbivore,BU,ND,PISY,1,0
DF,Single carcass,Herbivore,BU,ND,PISY,2,0
DF,Single carcass,Herbivore,BU,ND,PISY,3,0
DF,Single carcass,Herbivore,BU,ND,PISY,4,0
DF,Single carcass,Herbivore,BU,ND,PISY,5,0
DF,Single carcass,Herbivore,BU,ND,PISY,6,0
DF,Single carcass,Herbivore,BU,ND,PISY,7,0
DF,Single carcass,Herbivore,BU,ND,PISY,8,0
DF,Single carcass,Herbivore,BU,ND,PISY,9,0
DF,Single carcass,Herbivore,BU,ND,PISY,10,0
DF,Single carcass,Herbivore,BA,PY,RHGL,1,0
DF,Single carcass,Herbivore,BA,PY,RHGL,2,0
DF,Single carcass,Herbivore,BA,PY,RHGL,3,0
DF,Single carcass,Herbivore,BA,PY,RHGL,4,0
DF,Single carcass,Herbivore,BA,PY,RHGL,5,0
DF,Single carcass,Herbivore,BA,PD,SYRIN,1,0
DF,Single carcass,Herbivore,BA,PD,SYRIN,2,0
DF,Single carcass,Herbivore,BA,PD,SYRIN,3,0
DF,Single carcass,Herbivore,BA,ND,PISY,1,1
DF,Single carcass,Herbivore,BA,ND,PISY,2,1
DF,Single carcass,Herbivore,BA,ND,PISY,3,0
DF,Single carcass,Herbivore,BA,ND,PISY,4,0
DF,Single carcass,Herbivore,BA,ND,PISY,5,0
DF,Single carcass,Herbivore,BA,ND,PISY,6,0
DF,Single carcass,Herbivore,BA,ND,PISY,7,0
DF,Single carcass,Herbivore,BA,ND,PISY,8,0
DF,Single carcass,Herbivore,BA,ND,PISY,9,0
DF,Single carcass,Herbivore,BA,ND,PISY,10,0
DF,Single carcass,Herbivore,AA,PY,RHGL,1,1
DF,Single carcass,Herbivore,AA,PY,RHGL,2,0
DF,Single carcass,Herbivore,AA,PY,RHGL,3,1
DF,Single carcass,Herbivore,AA,PY,RHGL,4,0
DF,Single carcass,Herbivore,AA,PY,RHGL,5,0
DF,Single carcass,Herbivore,AA,PD,SYRIN,1,1
DF,Single carcass,Herbivore,AA,PD,SYRIN,2,0
DF,Single carcass,Herbivore,AA,PD,SYRIN,3,0
DF,Single carcass,Herbivore,AA,ND,PISY,1,0
DF,Single carcass,Herbivore,AA,ND,PISY,2,0
DF,Single carcass,Herbivore,AA,ND,PISY,3,0
DF,Single carcass,Herbivore,AA,ND,PISY,4,0
DF,Single carcass,Herbivore,AA,ND,PISY,5,0
DF,Single carcass,Herbivore,AA,ND,PISY,6,0
DF,Single carcass,Herbivore,AA,ND,PISY,7,0
DF,Single carcass,Herbivore,AA,ND,PISY,8,0
DF,Single carcass,Herbivore,AA,ND,PISY,9,0
DF,Single carcass,Herbivore,AA,ND,PISY,10,0
DF,Single carcass,Herbivore,AT,PY,RHGL,1,1
DF,Single carcass,Herbivore,AT,PY,RHGL,2,1
DF,Single carcass,Herbivore,AT,PY,RHGL,3,0
DF,Single carcass,Herbivore,AT,PY,RHGL,4,0
DF,Single carcass,Herbivore,AT,PY,RHGL,5,0
DF,Single carcass,Herbivore,AT,PD,SYRIN,1,0
DF,Single carcass,Herbivore,AT,PD,SYRIN,2,0
DF,Single carcass,Herbivore,AT,PD,SYRIN,3,0
DF,Single carcass,Herbivore,AT,ND,PISY,1,0
DF,Single carcass,Herbivore,AT,ND,PISY,2,0
DF,Single carcass,Herbivore,AT,ND,PISY,3,0
DF,Single carcass,Herbivore,AT,ND,PISY,4,0
DF,Single carcass,Herbivore,AT,ND,PISY,5,0
DF,Single carcass,Herbivore,AT,ND,PISY,6,0
DF,Single carcass,Herbivore,AT,ND,PISY,7,0
DF,Single carcass,Herbivore,AT,ND,PISY,8,0
DF,Single carcass,Herbivore,AT,ND,PISY,9,0
DF,Single carcass,Herbivore,AT,ND,PISY,10,0
DF,Single carcass,Open,BU,PY,RHGL,1,1
DF,Single carcass,Open,BU,PY,RHGL,2,0
DF,Single carcass,Open,BU,PY,RHGL,3,0
DF,Single carcass,Open,BU,PY,RHGL,4,0
DF,Single carcass,Open,BU,PY,RHGL,5,0
DF,Single carcass,Open,BU,PD,SYRIN,1,0
DF,Single carcass,Open,BU,PD,SYRIN,2,0
DF,Single carcass,Open,BU,PD,SYRIN,3,0
DF,Single carcass,Open,BU,ND,PISY,1,0
DF,Single carcass,Open,BU,ND,PISY,2,0
DF,Single carcass,Open,BU,ND,PISY,3,0
DF,Single carcass,Open,BU,ND,PISY,4,0
DF,Single carcass,Open,BU,ND,PISY,5,0
DF,Single carcass,Open,BU,ND,PISY,6,0
DF,Single carcass,Open,BU,ND,PISY,7,0
DF,Single carcass,Open,BU,ND,PISY,8,0
DF,Single carcass,Open,BU,ND,PISY,9,0
DF,Single carcass,Open,BU,ND,PISY,10,0
DF,Single carcass,Open,BA,PY,RHGL,1,0
DF,Single carcass,Open,BA,PY,RHGL,2,0
DF,Single carcass,Open,BA,PY,RHGL,3,0
DF,Single carcass,Open,BA,PY,RHGL,4,0
DF,Single carcass,Open,BA,PY,RHGL,5,0
DF,Single carcass,Open,BA,PD,SYRIN,1,0
DF,Single carcass,Open,BA,PD,SYRIN,2,1
DF,Single carcass,Open,BA,PD,SYRIN,3,0
DF,Single carcass,Open,BA,ND,PISY,1,1
DF,Single carcass,Open,BA,ND,PISY,2,1
DF,Single carcass,Open,BA,ND,PISY,3,1
DF,Single carcass,Open,BA,ND,PISY,4,1
DF,Single carcass,Open,BA,ND,PISY,5,0
DF,Single carcass,Open,BA,ND,PISY,6,0
DF,Single carcass,Open,BA,ND,PISY,7,0
DF,Single carcass,Open,BA,ND,PISY,8,0
DF,Single carcass,Open,BA,ND,PISY,9,0
DF,Single carcass,Open,BA,ND,PISY,10,0
DF,Single carcass,Open,AA,PY,RHGL,1,0
DF,Single carcass,Open,AA,PY,RHGL,2,0
DF,Single carcass,Open,AA,PY,RHGL,3,0
DF,Single carcass,Open,AA,PY,RHGL,4,0
DF,Single carcass,Open,AA,PY,RHGL,5,0
DF,Single carcass,Open,AA,PD,SYRIN,1,1
DF,Single carcass,Open,AA,PD,SYRIN,2,0
DF,Single carcass,Open,AA,PD,SYRIN,3,0
DF,Single carcass,Open,AA,ND,PISY,1,0
DF,Single carcass,Open,AA,ND,PISY,2,0
DF,Single carcass,Open,AA,ND,PISY,3,1
DF,Single carcass,Open,AA,ND,PISY,4,1
DF,Single carcass,Open,AA,ND,PISY,5,0
DF,Single carcass,Open,AA,ND,PISY,6,0
DF,Single carcass,Open,AA,ND,PISY,7,0
DF,Single carcass,Open,AA,ND,PISY,8,0
DF,Single carcass,Open,AA,ND,PISY,9,0
DF,Single carcass,Open,AA,ND,PISY,10,0
DF,Single carcass,Open,AT,PY,RHGL,1,0
DF,Single carcass,Open,AT,PY,RHGL,2,0
DF,Single carcass,Open,AT,PY,RHGL,3,0
DF,Single carcass,Open,AT,PY,RHGL,4,0
DF,Single carcass,Open,AT,PY,RHGL,5,0
DF,Single carcass,Open,AT,PD,SYRIN,1,1
DF,Single carcass,Open,AT,PD,SYRIN,2,1
DF,Single carcass,Open,AT,PD,SYRIN,3,0
DF,Single carcass,Open,AT,ND,PISY,1,1
DF,Single carcass,Open,AT,ND,PISY,2,0
DF,Single carcass,Open,AT,ND,PISY,3,0
DF,Single carcass,Open,AT,ND,PISY,4,0
DF,Single carcass,Open,AT,ND,PISY,5,0
DF,Single carcass,Open,AT,ND,PISY,6,0
DF,Single carcass,Open,AT,ND,PISY,7,0
DF,Single carcass,Open,AT,ND,PISY,8,0
DF,Single carcass,Open,AT,ND,PISY,9,0
DF,Single carcass,Open,AT,ND,PISY,10,0
DF,Reference,Reference,A,PY,RHGL,1,0
DF,Reference,Reference,A,PY,RHGL,2,0
DF,Reference,Reference,A,PY,RHGL,3,0
DF,Reference,Reference,A,PY,RHGL,4,0
DF,Reference,Reference,A,PY,RHGL,5,0
DF,Reference,Reference,A,PD,SYRIN,1,1
DF,Reference,Reference,A,PD,SYRIN,2,0
DF,Reference,Reference,A,PD,SYRIN,3,0
DF,Reference,Reference,A,ND,PISY,1,0
DF,Reference,Reference,A,ND,PISY,2,0
DF,Reference,Reference,A,ND,PISY,3,0
DF,Reference,Reference,A,ND,PISY,4,0
DF,Reference,Reference,A,ND,PISY,5,0
DF,Reference,Reference,A,ND,PISY,6,0
DF,Reference,Reference,A,ND,PISY,7,0
DF,Reference,Reference,A,ND,PISY,8,0
DF,Reference,Reference,A,ND,PISY,9,0
DF,Reference,Reference,A,ND,PISY,10,0
DF,Reference,Reference,B,PY,RHGL,1,0
DF,Reference,Reference,B,PY,RHGL,2,0
DF,Reference,Reference,B,PY,RHGL,3,0
DF,Reference,Reference,B,PY,RHGL,4,0
DF,Reference,Reference,B,PY,RHGL,5,0
DF,Reference,Reference,B,PD,SYRIN,1,NA
DF,Reference,Reference,B,PD,SYRIN,2,NA
DF,Reference,Reference,B,PD,SYRIN,3,NA
DF,Reference,Reference,B,ND,PISY,1,0
DF,Reference,Reference,B,ND,PISY,2,0
DF,Reference,Reference,B,ND,PISY,3,0
DF,Reference,Reference,B,ND,PISY,4,0
DF,Reference,Reference,B,ND,PISY,5,0
DF,Reference,Reference,B,ND,PISY,6,0
DF,Reference,Reference,B,ND,PISY,7,0
DF,Reference,Reference,B,ND,PISY,8,0
DF,Reference,Reference,B,ND,PISY,9,0
DF,Reference,Reference,B,ND,PISY,10,0
OS,Single carcass,Scavenger,BU,PY,GLMA4,1,0
OS,Single carcass,Scavenger,BU,PY,GLMA4,2,0
OS,Single carcass,Scavenger,BU,PY,GLMA4,3,0
OS,Single carcass,Scavenger,BU,PY,GLMA4,4,0
OS,Single carcass,Scavenger,BU,PY,GLMA4,5,0
OS,Single carcass,Scavenger,BU,PD,CAAN4,1,0
OS,Single carcass,Scavenger,BU,PD,CAAN4,2,0
OS,Single carcass,Scavenger,BU,PD,CAAN4,3,0
OS,Single carcass,Scavenger,BU,PD,CAAN4,4,0
OS,Single carcass,Scavenger,BU,PD,CAAN4,5,0
OS,Single carcass,Scavenger,BU,ND,PISA6,1,0
OS,Single carcass,Scavenger,BU,ND,PISA6,2,0
OS,Single carcass,Scavenger,BU,ND,PISA6,3,0
OS,Single carcass,Scavenger,BU,ND,PISA6,4,0
OS,Single carcass,Scavenger,BU,ND,PISA6,5,0
OS,Single carcass,Scavenger,BA,PY,GLMA4,1,0
OS,Single carcass,Scavenger,BA,PY,GLMA4,2,0
OS,Single carcass,Scavenger,BA,PY,GLMA4,3,0
OS,Single carcass,Scavenger,BA,PY,GLMA4,4,0
OS,Single carcass,Scavenger,BA,PY,GLMA4,5,0
OS,Single carcass,Scavenger,BA,PD,CAAN4,1,1
OS,Single carcass,Scavenger,BA,PD,CAAN4,2,1
OS,Single carcass,Scavenger,BA,PD,CAAN4,3,1
OS,Single carcass,Scavenger,BA,PD,CAAN4,4,0
OS,Single carcass,Scavenger,BA,PD,CAAN4,5,0
OS,Single carcass,Scavenger,BA,ND,PISA6,1,0
OS,Single carcass,Scavenger,BA,ND,PISA6,2,0
OS,Single carcass,Scavenger,BA,ND,PISA6,3,0
OS,Single carcass,Scavenger,BA,ND,PISA6,4,0
OS,Single carcass,Scavenger,BA,ND,PISA6,5,0
OS,Single carcass,Scavenger,AA,PY,GLMA4,1,0
OS,Single carcass,Scavenger,AA,PY,GLMA4,2,0
OS,Single carcass,Scavenger,AA,PY,GLMA4,3,1
OS,Single carcass,Scavenger,AA,PY,GLMA4,4,0
OS,Single carcass,Scavenger,AA,PY,GLMA4,5,0
OS,Single carcass,Scavenger,AA,PD,CAAN4,1,1
OS,Single carcass,Scavenger,AA,PD,CAAN4,2,1
OS,Single carcass,Scavenger,AA,PD,CAAN4,3,1
OS,Single carcass,Scavenger,AA,PD,CAAN4,4,0
OS,Single carcass,Scavenger,AA,PD,CAAN4,5,0
OS,Single carcass,Scavenger,AA,ND,PISA6,1,1
OS,Single carcass,Scavenger,AA,ND,PISA6,2,0
OS,Single carcass,Scavenger,AA,ND,PISA6,3,0
OS,Single carcass,Scavenger,AA,ND,PISA6,4,0
OS,Single carcass,Scavenger,AA,ND,PISA6,5,0
OS,Single carcass,Scavenger,AT,PY,GLMA4,1,0
OS,Single carcass,Scavenger,AT,PY,GLMA4,2,0
OS,Single carcass,Scavenger,AT,PY,GLMA4,3,0
OS,Single carcass,Scavenger,AT,PY,GLMA4,4,0
OS,Single carcass,Scavenger,AT,PY,GLMA4,5,0
OS,Single carcass,Scavenger,AT,PD,CAAN4,1,0
OS,Single carcass,Scavenger,AT,PD,CAAN4,2,0
OS,Single carcass,Scavenger,AT,PD,CAAN4,3,0
OS,Single carcass,Scavenger,AT,PD,CAAN4,4,0
OS,Single carcass,Scavenger,AT,PD,CAAN4,5,0
OS,Single carcass,Scavenger,AT,ND,PISA6,1,0
OS,Single carcass,Scavenger,AT,ND,PISA6,2,0
OS,Single carcass,Scavenger,AT,ND,PISA6,3,0
OS,Single carcass,Scavenger,AT,ND,PISA6,4,0
OS,Single carcass,Scavenger,AT,ND,PISA6,5,0
OS,Single carcass,Herbivore,BU,PY,GLMA4,1,1
OS,Single carcass,Herbivore,BU,PY,GLMA4,2,1
OS,Single carcass,Herbivore,BU,PY,GLMA4,3,1
OS,Single carcass,Herbivore,BU,PY,GLMA4,4,1
OS,Single carcass,Herbivore,BU,PY,GLMA4,5,0
OS,Single carcass,Herbivore,BU,PD,CAAN4,1,0
OS,Single carcass,Herbivore,BU,PD,CAAN4,2,0
OS,Single carcass,Herbivore,BU,PD,CAAN4,3,0
OS,Single carcass,Herbivore,BU,PD,CAAN4,4,0
OS,Single carcass,Herbivore,BU,PD,CAAN4,5,0
OS,Single carcass,Herbivore,BU,ND,PISA6,1,1
OS,Single carcass,Herbivore,BU,ND,PISA6,2,1
OS,Single carcass,Herbivore,BU,ND,PISA6,3,1
OS,Single carcass,Herbivore,BU,ND,PISA6,4,1
OS,Single carcass,Herbivore,BU,ND,PISA6,5,0
OS,Single carcass,Herbivore,BA,PY,GLMA4,1,1
OS,Single carcass,Herbivore,BA,PY,GLMA4,2,1
OS,Single carcass,Herbivore,BA,PY,GLMA4,3,1
OS,Single carcass,Herbivore,BA,PY,GLMA4,4,1
OS,Single carcass,Herbivore,BA,PY,GLMA4,5,1
OS,Single carcass,Herbivore,BA,PD,CAAN4,1,0
OS,Single carcass,Herbivore,BA,PD,CAAN4,2,0
OS,Single carcass,Herbivore,BA,PD,CAAN4,3,0
OS,Single carcass,Herbivore,BA,PD,CAAN4,4,0
OS,Single carcass,Herbivore,BA,PD,CAAN4,5,0
OS,Single carcass,Herbivore,BA,ND,PISA6,1,1
OS,Single carcass,Herbivore,BA,ND,PISA6,2,1
OS,Single carcass,Herbivore,BA,ND,PISA6,3,1
OS,Single carcass,Herbivore,BA,ND,PISA6,4,1
OS,Single carcass,Herbivore,BA,ND,PISA6,5,0
OS,Single carcass,Herbivore,AA,PY,GLMA4,1,1
OS,Single carcass,Herbivore,AA,PY,GLMA4,2,0
OS,Single carcass,Herbivore,AA,PY,GLMA4,3,0
OS,Single carcass,Herbivore,AA,PY,GLMA4,4,0
OS,Single carcass,Herbivore,AA,PY,GLMA4,5,0
OS,Single carcass,Herbivore,AA,PD,CAAN4,1,1
OS,Single carcass,Herbivore,AA,PD,CAAN4,2,1
OS,Single carcass,Herbivore,AA,PD,CAAN4,3,1
OS,Single carcass,Herbivore,AA,PD,CAAN4,4,0
OS,Single carcass,Herbivore,AA,PD,CAAN4,5,0
OS,Single carcass,Herbivore,AA,ND,PISA6,1,1
OS,Single carcass,Herbivore,AA,ND,PISA6,2,0
OS,Single carcass,Herbivore,AA,ND,PISA6,3,0
OS,Single carcass,Herbivore,AA,ND,PISA6,4,0
OS,Single carcass,Herbivore,AA,ND,PISA6,5,0
OS,Single carcass,Herbivore,AT,PY,GLMA4,1,0
OS,Single carcass,Herbivore,AT,PY,GLMA4,2,0
OS,Single carcass,Herbivore,AT,PY,GLMA4,3,0
OS,Single carcass,Herbivore,AT,PY,GLMA4,4,0
OS,Single carcass,Herbivore,AT,PY,GLMA4,5,0
OS,Single carcass,Herbivore,AT,PD,CAAN4,1,1
OS,Single carcass,Herbivore,AT,PD,CAAN4,2,1
OS,Single carcass,Herbivore,AT,PD,CAAN4,3,0
OS,Single carcass,Herbivore,AT,PD,CAAN4,4,0
OS,Single carcass,Herbivore,AT,PD,CAAN4,5,0
OS,Single carcass,Herbivore,AT,ND,PISA6,1,1
OS,Single carcass,Herbivore,AT,ND,PISA6,2,0
OS,Single carcass,Herbivore,AT,ND,PISA6,3,0
OS,Single carcass,Herbivore,AT,ND,PISA6,4,0
OS,Single carcass,Herbivore,AT,ND,PISA6,5,0
OS,MME,Scavenger,BU,PY,GLMA4,1,0
OS,MME,Scavenger,BU,PY,GLMA4,2,0
OS,MME,Scavenger,BU,PY,GLMA4,3,0
OS,MME,Scavenger,BU,PY,GLMA4,4,0
OS,MME,Scavenger,BU,PY,GLMA4,5,0
OS,MME,Scavenger,BU,PD,CAAN4,1,1
OS,MME,Scavenger,BU,PD,CAAN4,2,1
OS,MME,Scavenger,BU,PD,CAAN4,3,1
OS,MME,Scavenger,BU,PD,CAAN4,4,1
OS,MME,Scavenger,BU,PD,CAAN4,5,1
OS,MME,Scavenger,BU,ND,PISA6,1,0
OS,MME,Scavenger,BU,ND,PISA6,2,0
OS,MME,Scavenger,BU,ND,PISA6,3,0
OS,MME,Scavenger,BU,ND,PISA6,4,0
OS,MME,Scavenger,BU,ND,PISA6,5,0
OS,MME,Scavenger,BA,PY,GLMA4,1,0
OS,MME,Scavenger,BA,PY,GLMA4,2,0
OS,MME,Scavenger,BA,PY,GLMA4,3,0
OS,MME,Scavenger,BA,PY,GLMA4,4,0
OS,MME,Scavenger,BA,PY,GLMA4,5,0
OS,MME,Scavenger,BA,PD,CAAN4,1,0
OS,MME,Scavenger,BA,PD,CAAN4,2,0
OS,MME,Scavenger,BA,PD,CAAN4,3,0
OS,MME,Scavenger,BA,PD,CAAN4,4,0
OS,MME,Scavenger,BA,PD,CAAN4,5,0
OS,MME,Scavenger,BA,ND,PISA6,1,1
OS,MME,Scavenger,BA,ND,PISA6,2,1
OS,MME,Scavenger,BA,ND,PISA6,3,1
OS,MME,Scavenger,BA,ND,PISA6,4,1
OS,MME,Scavenger,BA,ND,PISA6,5,0
OS,MME,Scavenger,AA,PY,GLMA4,1,0
OS,MME,Scavenger,AA,PY,GLMA4,2,0
OS,MME,Scavenger,AA,PY,GLMA4,3,0
OS,MME,Scavenger,AA,PY,GLMA4,4,0
OS,MME,Scavenger,AA,PY,GLMA4,5,0
OS,MME,Scavenger,AA,PD,CAAN4,1,1
OS,MME,Scavenger,AA,PD,CAAN4,2,1
OS,MME,Scavenger,AA,PD,CAAN4,3,1
OS,MME,Scavenger,AA,PD,CAAN4,4,0
OS,MME,Scavenger,AA,PD,CAAN4,5,0
OS,MME,Scavenger,AA,ND,PISA6,1,0
OS,MME,Scavenger,AA,ND,PISA6,2,0
OS,MME,Scavenger,AA,ND,PISA6,3,0
OS,MME,Scavenger,AA,ND,PISA6,4,0
OS,MME,Scavenger,AA,ND,PISA6,5,0
OS,MME,Scavenger,AT,PY,GLMA4,1,0
OS,MME,Scavenger,AT,PY,GLMA4,2,0
OS,MME,Scavenger,AT,PY,GLMA4,3,0
OS,MME,Scavenger,AT,PY,GLMA4,4,0
OS,MME,Scavenger,AT,PY,GLMA4,5,0
OS,MME,Scavenger,AT,PD,CAAN4,1,0
OS,MME,Scavenger,AT,PD,CAAN4,2,0
OS,MME,Scavenger,AT,PD,CAAN4,3,0
OS,MME,Scavenger,AT,PD,CAAN4,4,0
OS,MME,Scavenger,AT,PD,CAAN4,5,0
OS,MME,Scavenger,AT,ND,PISA6,1,0
OS,MME,Scavenger,AT,ND,PISA6,2,0
OS,MME,Scavenger,AT,ND,PISA6,3,0
OS,MME,Scavenger,AT,ND,PISA6,4,0
OS,MME,Scavenger,AT,ND,PISA6,5,0
OS,Single carcass,Open,BU,PY,GLMA4,1,0
OS,Single carcass,Open,BU,PY,GLMA4,2,0
OS,Single carcass,Open,BU,PY,GLMA4,3,0
OS,Single carcass,Open,BU,PY,GLMA4,4,0
OS,Single carcass,Open,BU,PY,GLMA4,5,0
OS,Single carcass,Open,BU,PD,CAAN4,1,0
OS,Single carcass,Open,BU,PD,CAAN4,2,0
OS,Single carcass,Open,BU,PD,CAAN4,3,0
OS,Single carcass,Open,BU,PD,CAAN4,4,0
OS,Single carcass,Open,BU,PD,CAAN4,5,0
OS,Single carcass,Open,BU,ND,PISA6,1,0
OS,Single carcass,Open,BU,ND,PISA6,2,0
OS,Single carcass,Open,BU,ND,PISA6,3,0
OS,Single carcass,Open,BU,ND,PISA6,4,0
OS,Single carcass,Open,BU,ND,PISA6,5,0
OS,Single carcass,Open,BA,PY,GLMA4,1,1
OS,Single carcass,Open,BA,PY,GLMA4,2,1
OS,Single carcass,Open,BA,PY,GLMA4,3,1
OS,Single carcass,Open,BA,PY,GLMA4,4,1
OS,Single carcass,Open,BA,PY,GLMA4,5,0
OS,Single carcass,Open,BA,PD,CAAN4,1,1
OS,Single carcass,Open,BA,PD,CAAN4,2,1
OS,Single carcass,Open,BA,PD,CAAN4,3,0
OS,Single carcass,Open,BA,PD,CAAN4,4,0
OS,Single carcass,Open,BA,PD,CAAN4,5,0
OS,Single carcass,Open,BA,ND,PISA6,1,1
OS,Single carcass,Open,BA,ND,PISA6,2,1
OS,Single carcass,Open,BA,ND,PISA6,3,1
OS,Single carcass,Open,BA,ND,PISA6,4,1
OS,Single carcass,Open,BA,ND,PISA6,5,0
OS,Single carcass,Open,AA,PY,GLMA4,1,1
OS,Single carcass,Open,AA,PY,GLMA4,2,1
OS,Single carcass,Open,AA,PY,GLMA4,3,1
OS,Single carcass,Open,AA,PY,GLMA4,4,0
OS,Single carcass,Open,AA,PY,GLMA4,5,0
OS,Single carcass,Open,AA,PD,CAAN4,1,1
OS,Single carcass,Open,AA,PD,CAAN4,2,1
OS,Single carcass,Open,AA,PD,CAAN4,3,0
OS,Single carcass,Open,AA,PD,CAAN4,4,0
OS,Single carcass,Open,AA,PD,CAAN4,5,0
OS,Single carcass,Open,AA,ND,PISA6,1,1
OS,Single carcass,Open,AA,ND,PISA6,2,1
OS,Single carcass,Open,AA,ND,PISA6,3,1
OS,Single carcass,Open,AA,ND,PISA6,4,1
OS,Single carcass,Open,AA,ND,PISA6,5,0
OS,Single carcass,Open,AT,PY,GLMA4,1,0
OS,Single carcass,Open,AT,PY,GLMA4,2,0
OS,Single carcass,Open,AT,PY,GLMA4,3,0
OS,Single carcass,Open,AT,PY,GLMA4,4,0
OS,Single carcass,Open,AT,PY,GLMA4,5,0
OS,Single carcass,Open,AT,PD,CAAN4,1,0
OS,Single carcass,Open,AT,PD,CAAN4,2,0
OS,Single carcass,Open,AT,PD,CAAN4,3,0
OS,Single carcass,Open,AT,PD,CAAN4,4,0
OS,Single carcass,Open,AT,PD,CAAN4,5,0
OS,Single carcass,Open,AT,ND,PISA6,1,0
OS,Single carcass,Open,AT,ND,PISA6,2,0
OS,Single carcass,Open,AT,ND,PISA6,3,0
OS,Single carcass,Open,AT,ND,PISA6,4,0
OS,Single carcass,Open,AT,ND,PISA6,5,0
OS,MME,Open,BU,PY,GLMA4,1,0
OS,MME,Open,BU,PY,GLMA4,2,0
OS,MME,Open,BU,PY,GLMA4,3,0
OS,MME,Open,BU,PY,GLMA4,4,0
OS,MME,Open,BU,PY,GLMA4,5,0
OS,MME,Open,BU,PD,CAAN4,1,0
OS,MME,Open,BU,PD,CAAN4,2,0
OS,MME,Open,BU,PD,CAAN4,3,0
OS,MME,Open,BU,PD,CAAN4,4,0
OS,MME,Open,BU,PD,CAAN4,5,0
OS,MME,Open,BU,ND,PISA6,1,0
OS,MME,Open,BU,ND,PISA6,2,0
OS,MME,Open,BU,ND,PISA6,3,0
OS,MME,Open,BU,ND,PISA6,4,0
OS,MME,Open,BU,ND,PISA6,5,0
OS,MME,Open,BA,PY,GLMA4,1,1
OS,MME,Open,BA,PY,GLMA4,2,1
OS,MME,Open,BA,PY,GLMA4,3,1
OS,MME,Open,BA,PY,GLMA4,4,1
OS,MME,Open,BA,PY,GLMA4,5,1
OS,MME,Open,BA,PD,CAAN4,1,0
OS,MME,Open,BA,PD,CAAN4,2,0
OS,MME,Open,BA,PD,CAAN4,3,0
OS,MME,Open,BA,PD,CAAN4,4,0
OS,MME,Open,BA,PD,CAAN4,5,0
OS,MME,Open,BA,ND,PISA6,1,1
OS,MME,Open,BA,ND,PISA6,2,1
OS,MME,Open,BA,ND,PISA6,3,1
OS,MME,Open,BA,ND,PISA6,4,0
OS,MME,Open,BA,ND,PISA6,5,0
OS,MME,Open,AA,PY,GLMA4,1,0
OS,MME,Open,AA,PY,GLMA4,2,0
OS,MME,Open,AA,PY,GLMA4,3,0
OS,MME,Open,AA,PY,GLMA4,4,0
OS,MME,Open,AA,PY,GLMA4,5,0
OS,MME,Open,AA,PD,CAAN4,1,1
OS,MME,Open,AA,PD,CAAN4,2,1
OS,MME,Open,AA,PD,CAAN4,3,1
OS,MME,Open,AA,PD,CAAN4,4,1
OS,MME,Open,AA,PD,CAAN4,5,0
OS,MME,Open,AA,ND,PISA6,1,0
OS,MME,Open,AA,ND,PISA6,2,0
OS,MME,Open,AA,ND,PISA6,3,0
OS,MME,Open,AA,ND,PISA6,4,0
OS,MME,Open,AA,ND,PISA6,5,0
OS,MME,Open,AT,PY,GLMA4,1,0
OS,MME,Open,AT,PY,GLMA4,2,0
OS,MME,Open,AT,PY,GLMA4,3,0
OS,MME,Open,AT,PY,GLMA4,4,0
OS,MME,Open,AT,PY,GLMA4,5,0
OS,MME,Open,AT,PD,CAAN4,1,0
OS,MME,Open,AT,PD,CAAN4,2,0
OS,MME,Open,AT,PD,CAAN4,3,0
OS,MME,Open,AT,PD,CAAN4,4,0
OS,MME,Open,AT,PD,CAAN4,5,0
OS,MME,Open,AT,ND,PISA6,1,0
OS,MME,Open,AT,ND,PISA6,2,0
OS,MME,Open,AT,ND,PISA6,3,0
OS,MME,Open,AT,ND,PISA6,4,0
OS,MME,Open,AT,ND,PISA6,5,0
OS,MME,Herbivore,BU,PY,GLMA4,1,0
OS,MME,Herbivore,BU,PY,GLMA4,2,0
OS,MME,Herbivore,BU,PY,GLMA4,3,0
OS,MME,Herbivore,BU,PY,GLMA4,4,0
OS,MME,Herbivore,BU,PY,GLMA4,5,0
OS,MME,Herbivore,BU,PD,CAAN4,1,0
OS,MME,Herbivore,BU,PD,CAAN4,2,0
OS,MME,Herbivore,BU,PD,CAAN4,3,0
OS,MME,Herbivore,BU,PD,CAAN4,4,0
OS,MME,Herbivore,BU,PD,CAAN4,5,0
OS,MME,Herbivore,BU,ND,PISA6,1,0
OS,MME,Herbivore,BU,ND,PISA6,2,0
OS,MME,Herbivore,BU,ND,PISA6,3,0
OS,MME,Herbivore,BU,ND,PISA6,4,0
OS,MME,Herbivore,BU,ND,PISA6,5,0
OS,MME,Herbivore,BA,PY,GLMA4,1,1
OS,MME,Herbivore,BA,PY,GLMA4,2,1
OS,MME,Herbivore,BA,PY,GLMA4,3,1
OS,MME,Herbivore,BA,PY,GLMA4,4,1
OS,MME,Herbivore,BA,PY,GLMA4,5,0
OS,MME,Herbivore,BA,PD,CAAN4,1,1
OS,MME,Herbivore,BA,PD,CAAN4,2,0
OS,MME,Herbivore,BA,PD,CAAN4,3,0
OS,MME,Herbivore,BA,PD,CAAN4,4,0
OS,MME,Herbivore,BA,PD,CAAN4,5,0
OS,MME,Herbivore,BA,ND,PISA6,1,1
OS,MME,Herbivore,BA,ND,PISA6,2,1
OS,MME,Herbivore,BA,ND,PISA6,3,1
OS,MME,Herbivore,BA,ND,PISA6,4,1
OS,MME,Herbivore,BA,ND,PISA6,5,0
OS,MME,Herbivore,AA,PY,GLMA4,1,1
OS,MME,Herbivore,AA,PY,GLMA4,2,0
OS,MME,Herbivore,AA,PY,GLMA4,3,1
OS,MME,Herbivore,AA,PY,GLMA4,4,0
OS,MME,Herbivore,AA,PY,GLMA4,5,0
OS,MME,Herbivore,AA,PD,CAAN4,1,0
OS,MME,Herbivore,AA,PD,CAAN4,2,0
OS,MME,Herbivore,AA,PD,CAAN4,3,0
OS,MME,Herbivore,AA,PD,CAAN4,4,0
OS,MME,Herbivore,AA,PD,CAAN4,5,0
OS,MME,Herbivore,AA,ND,PISA6,1,1
OS,MME,Herbivore,AA,ND,PISA6,2,1
OS,MME,Herbivore,AA,ND,PISA6,3,1
OS,MME,Herbivore,AA,ND,PISA6,4,0
OS,MME,Herbivore,AA,ND,PISA6,5,0
OS,MME,Herbivore,AT,PY,GLMA4,1,0
OS,MME,Herbivore,AT,PY,GLMA4,2,0
OS,MME,Herbivore,AT,PY,GLMA4,3,0
OS,MME,Herbivore,AT,PY,GLMA4,4,0
OS,MME,Herbivore,AT,PY,GLMA4,5,0
OS,MME,Herbivore,AT,PD,CAAN4,1,0
OS,MME,Herbivore,AT,PD,CAAN4,2,0
OS,MME,Herbivore,AT,PD,CAAN4,3,0
OS,MME,Herbivore,AT,PD,CAAN4,4,0
OS,MME,Herbivore,AT,PD,CAAN4,5,0
OS,MME,Herbivore,AT,ND,PISA6,1,0
OS,MME,Herbivore,AT,ND,PISA6,2,0
OS,MME,Herbivore,AT,ND,PISA6,3,0
OS,MME,Herbivore,AT,ND,PISA6,4,0
OS,MME,Herbivore,AT,ND,PISA6,5,0
OS,Reference,Reference,A,PY,GLMA4,1,0
OS,Reference,Reference,A,PY,GLMA4,2,0
OS,Reference,Reference,A,PY,GLMA4,3,0
OS,Reference,Reference,A,PY,GLMA4,4,0
OS,Reference,Reference,A,PY,GLMA4,5,0
OS,Reference,Reference,A,PD,CAAN4,1,1
OS,Reference,Reference,A,PD,CAAN4,2,1
OS,Reference,Reference,A,PD,CAAN4,3,1
OS,Reference,Reference,A,PD,CAAN4,4,1
OS,Reference,Reference,A,PD,CAAN4,5,0
OS,Reference,Reference,A,ND,PISA6,1,1
OS,Reference,Reference,A,ND,PISA6,2,1
OS,Reference,Reference,A,ND,PISA6,3,1
OS,Reference,Reference,A,ND,PISA6,4,1
OS,Reference,Reference,A,ND,PISA6,5,1
OS,Reference,Reference,B,PY,GLMA4,1,1
OS,Reference,Reference,B,PY,GLMA4,2,1
OS,Reference,Reference,B,PY,GLMA4,3,1
OS,Reference,Reference,B,PY,GLMA4,4,0
OS,Reference,Reference,B,PY,GLMA4,5,0
OS,Reference,Reference,B,PD,CAAN4,1,1
OS,Reference,Reference,B,PD,CAAN4,2,0
OS,Reference,Reference,B,PD,CAAN4,3,0
OS,Reference,Reference,B,PD,CAAN4,4,0
OS,Reference,Reference,B,PD,CAAN4,5,0
OS,Reference,Reference,B,ND,PISA6,1,1
OS,Reference,Reference,B,ND,PISA6,2,1
OS,Reference,Reference,B,ND,PISA6,3,1
OS,Reference,Reference,B,ND,PISA6,4,1
OS,Reference,Reference,B,ND,PISA6,5,0
GG,Single carcass,Open,BU,PY,BIOR,1,1
GG,Single carcass,Open,BU,PY,BIOR,2,0
GG,Single carcass,Open,BU,PY,BIOR,3,0
GG,Single carcass,Open,BU,PY,BIOR,4,0
GG,Single carcass,Open,BU,PY,BIOR,5,0
GG,Single carcass,Open,BU,PY,BIOR,6,0
GG,Single carcass,Open,BU,PY,BIOR,7,0
GG,Single carcass,Open,BU,PY,BIOR,8,0
GG,Single carcass,Open,BU,PY,BIOR,9,0
GG,Single carcass,Open,BU,PY,BIOR,10,0
GG,Single carcass,Open,BU,PD,HOVU,1,0
GG,Single carcass,Open,BU,PD,HOVU,2,0
GG,Single carcass,Open,BU,PD,HOVU,3,0
GG,Single carcass,Open,BU,PD,HOVU,4,0
GG,Single carcass,Open,BU,PD,HOVU,5,0
GG,Single carcass,Open,BU,ND,BEVU2,1,1
GG,Single carcass,Open,BU,ND,BEVU2,2,1
GG,Single carcass,Open,BU,ND,BEVU2,3,1
GG,Single carcass,Open,BU,ND,BEVU2,4,0
GG,Single carcass,Open,BU,ND,BEVU2,5,0
GG,Single carcass,Open,BU,ND,BEVU2,6,0
GG,Single carcass,Open,BU,ND,BEVU2,7,0
GG,Single carcass,Open,BU,ND,BEVU2,8,0
GG,Single carcass,Open,BU,ND,BEVU2,9,0
GG,Single carcass,Open,BU,ND,BEVU2,10,0
GG,Single carcass,Open,BA,PY,BIOR,1,0
GG,Single carcass,Open,BA,PY,BIOR,2,0
GG,Single carcass,Open,BA,PY,BIOR,3,0
GG,Single carcass,Open,BA,PY,BIOR,4,0
GG,Single carcass,Open,BA,PY,BIOR,5,0
GG,Single carcass,Open,BA,PY,BIOR,6,0
GG,Single carcass,Open,BA,PY,BIOR,7,0
GG,Single carcass,Open,BA,PY,BIOR,8,0
GG,Single carcass,Open,BA,PY,BIOR,9,0
GG,Single carcass,Open,BA,PY,BIOR,10,0
GG,Single carcass,Open,BA,PD,HOVU,1,1
GG,Single carcass,Open,BA,PD,HOVU,2,1
GG,Single carcass,Open,BA,PD,HOVU,3,1
GG,Single carcass,Open,BA,PD,HOVU,4,1
GG,Single carcass,Open,BA,PD,HOVU,5,0
GG,Single carcass,Open,BA,ND,BEVU2,1,1
GG,Single carcass,Open,BA,ND,BEVU2,2,0
GG,Single carcass,Open,BA,ND,BEVU2,3,1
GG,Single carcass,Open,BA,ND,BEVU2,4,1
GG,Single carcass,Open,BA,ND,BEVU2,5,1
GG,Single carcass,Open,BA,ND,BEVU2,6,0
GG,Single carcass,Open,BA,ND,BEVU2,7,0
GG,Single carcass,Open,BA,ND,BEVU2,8,0
GG,Single carcass,Open,BA,ND,BEVU2,9,0
GG,Single carcass,Open,BA,ND,BEVU2,10,0
GG,Single carcass,Open,AA,PY,BIOR,1,0
GG,Single carcass,Open,AA,PY,BIOR,2,0
GG,Single carcass,Open,AA,PY,BIOR,3,0
GG,Single carcass,Open,AA,PY,BIOR,4,0
GG,Single carcass,Open,AA,PY,BIOR,5,0
GG,Single carcass,Open,AA,PY,BIOR,6,0
GG,Single carcass,Open,AA,PY,BIOR,7,0
GG,Single carcass,Open,AA,PY,BIOR,8,0
GG,Single carcass,Open,AA,PY,BIOR,9,0
GG,Single carcass,Open,AA,PY,BIOR,10,0
GG,Single carcass,Open,AA,PD,HOVU,1,0
GG,Single carcass,Open,AA,PD,HOVU,2,0
GG,Single carcass,Open,AA,PD,HOVU,3,0
GG,Single carcass,Open,AA,PD,HOVU,4,0
GG,Single carcass,Open,AA,PD,HOVU,5,0
GG,Single carcass,Open,AA,ND,BEVU2,1,1
GG,Single carcass,Open,AA,ND,BEVU2,2,1
GG,Single carcass,Open,AA,ND,BEVU2,3,1
GG,Single carcass,Open,AA,ND,BEVU2,4,1
GG,Single carcass,Open,AA,ND,BEVU2,5,1
GG,Single carcass,Open,AA,ND,BEVU2,6,1
GG,Single carcass,Open,AA,ND,BEVU2,7,1
GG,Single carcass,Open,AA,ND,BEVU2,8,0
GG,Single carcass,Open,AA,ND,BEVU2,9,0
GG,Single carcass,Open,AA,ND,BEVU2,10,0
GG,Single carcass,Open,AT,PY,BIOR,1,0
GG,Single carcass,Open,AT,PY,BIOR,2,0
GG,Single carcass,Open,AT,PY,BIOR,3,0
GG,Single carcass,Open,AT,PY,BIOR,4,0
GG,Single carcass,Open,AT,PY,BIOR,5,0
GG,Single carcass,Open,AT,PY,BIOR,6,0
GG,Single carcass,Open,AT,PY,BIOR,7,0
GG,Single carcass,Open,AT,PY,BIOR,8,0
GG,Single carcass,Open,AT,PY,BIOR,9,0
GG,Single carcass,Open,AT,PY,BIOR,10,0
GG,Single carcass,Open,AT,PD,HOVU,1,1
GG,Single carcass,Open,AT,PD,HOVU,2,1
GG,Single carcass,Open,AT,PD,HOVU,3,1
GG,Single carcass,Open,AT,PD,HOVU,4,0
GG,Single carcass,Open,AT,PD,HOVU,5,0
GG,Single carcass,Open,AT,ND,BEVU2,1,1
GG,Single carcass,Open,AT,ND,BEVU2,2,1
GG,Single carcass,Open,AT,ND,BEVU2,3,1
GG,Single carcass,Open,AT,ND,BEVU2,4,1
GG,Single carcass,Open,AT,ND,BEVU2,5,1
GG,Single carcass,Open,AT,ND,BEVU2,6,1
GG,Single carcass,Open,AT,ND,BEVU2,7,1
GG,Single carcass,Open,AT,ND,BEVU2,8,1
GG,Single carcass,Open,AT,ND,BEVU2,9,1
GG,Single carcass,Open,AT,ND,BEVU2,10,0
GG,Single carcass,Herbivore,BU,PY,BIOR,1,0
GG,Single carcass,Herbivore,BU,PY,BIOR,2,0
GG,Single carcass,Herbivore,BU,PY,BIOR,3,0
GG,Single carcass,Herbivore,BU,PY,BIOR,4,0
GG,Single carcass,Herbivore,BU,PY,BIOR,5,0
GG,Single carcass,Herbivore,BU,PY,BIOR,6,0
GG,Single carcass,Herbivore,BU,PY,BIOR,7,0
GG,Single carcass,Herbivore,BU,PY,BIOR,8,0
GG,Single carcass,Herbivore,BU,PY,BIOR,9,1
GG,Single carcass,Herbivore,BU,PY,BIOR,10,0
GG,Single carcass,Herbivore,BU,PD,HOVU,1,1
GG,Single carcass,Herbivore,BU,PD,HOVU,2,1
GG,Single carcass,Herbivore,BU,PD,HOVU,3,0
GG,Single carcass,Herbivore,BU,PD,HOVU,4,0
GG,Single carcass,Herbivore,BU,PD,HOVU,5,0
GG,Single carcass,Herbivore,BU,ND,BEVU2,1,0
GG,Single carcass,Herbivore,BU,ND,BEVU2,2,0
GG,Single carcass,Herbivore,BU,ND,BEVU2,3,0
GG,Single carcass,Herbivore,BU,ND,BEVU2,4,1
GG,Single carcass,Herbivore,BU,ND,BEVU2,5,0
GG,Single carcass,Herbivore,BU,ND,BEVU2,6,0
GG,Single carcass,Herbivore,BU,ND,BEVU2,7,0
GG,Single carcass,Herbivore,BU,ND,BEVU2,8,0
GG,Single carcass,Herbivore,BU,ND,BEVU2,9,0
GG,Single carcass,Herbivore,BU,ND,BEVU2,10,0
GG,Single carcass,Herbivore,BA,PY,BIOR,1,0
GG,Single carcass,Herbivore,BA,PY,BIOR,2,0
GG,Single carcass,Herbivore,BA,PY,BIOR,3,0
GG,Single carcass,Herbivore,BA,PY,BIOR,4,0
GG,Single carcass,Herbivore,BA,PY,BIOR,5,0
GG,Single carcass,Herbivore,BA,PY,BIOR,6,0
GG,Single carcass,Herbivore,BA,PY,BIOR,7,0
GG,Single carcass,Herbivore,BA,PY,BIOR,8,0
GG,Single carcass,Herbivore,BA,PY,BIOR,9,0
GG,Single carcass,Herbivore,BA,PY,BIOR,10,0
GG,Single carcass,Herbivore,BA,PD,HOVU,1,1
GG,Single carcass,Herbivore,BA,PD,HOVU,2,1
GG,Single carcass,Herbivore,BA,PD,HOVU,3,1
GG,Single carcass,Herbivore,BA,PD,HOVU,4,1
GG,Single carcass,Herbivore,BA,PD,HOVU,5,1
GG,Single carcass,Herbivore,BA,ND,BEVU2,1,1
GG,Single carcass,Herbivore,BA,ND,BEVU2,2,0
GG,Single carcass,Herbivore,BA,ND,BEVU2,3,0
GG,Single carcass,Herbivore,BA,ND,BEVU2,4,0
GG,Single carcass,Herbivore,BA,ND,BEVU2,5,0
GG,Single carcass,Herbivore,BA,ND,BEVU2,6,0
GG,Single carcass,Herbivore,BA,ND,BEVU2,7,0
GG,Single carcass,Herbivore,BA,ND,BEVU2,8,0
GG,Single carcass,Herbivore,BA,ND,BEVU2,9,0
GG,Single carcass,Herbivore,BA,ND,BEVU2,10,0
GG,Single carcass,Herbivore,AA,PY,BIOR,1,0
GG,Single carcass,Herbivore,AA,PY,BIOR,2,0
GG,Single carcass,Herbivore,AA,PY,BIOR,3,0
GG,Single carcass,Herbivore,AA,PY,BIOR,4,0
GG,Single carcass,Herbivore,AA,PY,BIOR,5,0
GG,Single carcass,Herbivore,AA,PY,BIOR,6,0
GG,Single carcass,Herbivore,AA,PY,BIOR,7,0
GG,Single carcass,Herbivore,AA,PY,BIOR,8,0
GG,Single carcass,Herbivore,AA,PY,BIOR,9,0
GG,Single carcass,Herbivore,AA,PY,BIOR,10,0
GG,Single carcass,Herbivore,AA,PD,HOVU,1,1
GG,Single carcass,Herbivore,AA,PD,HOVU,2,0
GG,Single carcass,Herbivore,AA,PD,HOVU,3,0
GG,Single carcass,Herbivore,AA,PD,HOVU,4,0
GG,Single carcass,Herbivore,AA,PD,HOVU,5,0
GG,Single carcass,Herbivore,AA,ND,BEVU2,1,1
GG,Single carcass,Herbivore,AA,ND,BEVU2,2,1
GG,Single carcass,Herbivore,AA,ND,BEVU2,3,0
GG,Single carcass,Herbivore,AA,ND,BEVU2,4,0
GG,Single carcass,Herbivore,AA,ND,BEVU2,5,0
GG,Single carcass,Herbivore,AA,ND,BEVU2,6,0
GG,Single carcass,Herbivore,AA,ND,BEVU2,7,0
GG,Single carcass,Herbivore,AA,ND,BEVU2,8,0
GG,Single carcass,Herbivore,AA,ND,BEVU2,9,0
GG,Single carcass,Herbivore,AA,ND,BEVU2,10,0
GG,Single carcass,Herbivore,AT,PY,BIOR,1,0
GG,Single carcass,Herbivore,AT,PY,BIOR,2,0
GG,Single carcass,Herbivore,AT,PY,BIOR,3,0
GG,Single carcass,Herbivore,AT,PY,BIOR,4,0
GG,Single carcass,Herbivore,AT,PY,BIOR,5,0
GG,Single carcass,Herbivore,AT,PY,BIOR,6,0
GG,Single carcass,Herbivore,AT,PY,BIOR,7,0
GG,Single carcass,Herbivore,AT,PY,BIOR,8,0
GG,Single carcass,Herbivore,AT,PY,BIOR,9,0
GG,Single carcass,Herbivore,AT,PY,BIOR,10,0
GG,Single carcass,Herbivore,AT,PD,HOVU,1,0
GG,Single carcass,Herbivore,AT,PD,HOVU,2,0
GG,Single carcass,Herbivore,AT,PD,HOVU,3,0
GG,Single carcass,Herbivore,AT,PD,HOVU,4,0
GG,Single carcass,Herbivore,AT,PD,HOVU,5,0
GG,Single carcass,Herbivore,AT,ND,BEVU2,1,0
GG,Single carcass,Herbivore,AT,ND,BEVU2,2,0
GG,Single carcass,Herbivore,AT,ND,BEVU2,3,0
GG,Single carcass,Herbivore,AT,ND,BEVU2,4,0
GG,Single carcass,Herbivore,AT,ND,BEVU2,5,0
GG,Single carcass,Herbivore,AT,ND,BEVU2,6,0
GG,Single carcass,Herbivore,AT,ND,BEVU2,7,0
GG,Single carcass,Herbivore,AT,ND,BEVU2,8,0
GG,Single carcass,Herbivore,AT,ND,BEVU2,9,0
GG,Single carcass,Herbivore,AT,ND,BEVU2,10,0
GG,Single carcass,Scavenger,BU,PY,BIOR,1,0
GG,Single carcass,Scavenger,BU,PY,BIOR,2,0
GG,Single carcass,Scavenger,BU,PY,BIOR,3,0
GG,Single carcass,Scavenger,BU,PY,BIOR,4,0
GG,Single carcass,Scavenger,BU,PY,BIOR,5,0
GG,Single carcass,Scavenger,BU,PY,BIOR,6,0
GG,Single carcass,Scavenger,BU,PY,BIOR,7,0
GG,Single carcass,Scavenger,BU,PY,BIOR,8,0
GG,Single carcass,Scavenger,BU,PY,BIOR,9,0
GG,Single carcass,Scavenger,BU,PY,BIOR,10,0
GG,Single carcass,Scavenger,BU,PD,HOVU,1,1
GG,Single carcass,Scavenger,BU,PD,HOVU,2,1
GG,Single carcass,Scavenger,BU,PD,HOVU,3,1
GG,Single carcass,Scavenger,BU,PD,HOVU,4,0
GG,Single carcass,Scavenger,BU,PD,HOVU,5,0
GG,Single carcass,Scavenger,BU,ND,BEVU2,1,0
GG,Single carcass,Scavenger,BU,ND,BEVU2,2,0
GG,Single carcass,Scavenger,BU,ND,BEVU2,3,0
GG,Single carcass,Scavenger,BU,ND,BEVU2,4,0
GG,Single carcass,Scavenger,BU,ND,BEVU2,5,0
GG,Single carcass,Scavenger,BU,ND,BEVU2,6,0
GG,Single carcass,Scavenger,BU,ND,BEVU2,7,0
GG,Single carcass,Scavenger,BU,ND,BEVU2,8,0
GG,Single carcass,Scavenger,BU,ND,BEVU2,9,0
GG,Single carcass,Scavenger,BU,ND,BEVU2,10,0
GG,Single carcass,Scavenger,BA,PY,BIOR,1,NA
GG,Single carcass,Scavenger,BA,PY,BIOR,2,1
GG,Single carcass,Scavenger,BA,PY,BIOR,3,1
GG,Single carcass,Scavenger,BA,PY,BIOR,4,0
GG,Single carcass,Scavenger,BA,PY,BIOR,5,0
GG,Single carcass,Scavenger,BA,PY,BIOR,6,0
GG,Single carcass,Scavenger,BA,PY,BIOR,7,0
GG,Single carcass,Scavenger,BA,PY,BIOR,8,0
GG,Single carcass,Scavenger,BA,PY,BIOR,9,0
GG,Single carcass,Scavenger,BA,PY,BIOR,10,0
GG,Single carcass,Scavenger,BA,PD,HOVU,1,1
GG,Single carcass,Scavenger,BA,PD,HOVU,2,0
GG,Single carcass,Scavenger,BA,PD,HOVU,3,0
GG,Single carcass,Scavenger,BA,PD,HOVU,4,0
GG,Single carcass,Scavenger,BA,PD,HOVU,5,0
GG,Single carcass,Scavenger,BA,ND,BEVU2,1,1
GG,Single carcass,Scavenger,BA,ND,BEVU2,2,0
GG,Single carcass,Scavenger,BA,ND,BEVU2,3,0
GG,Single carcass,Scavenger,BA,ND,BEVU2,4,0
GG,Single carcass,Scavenger,BA,ND,BEVU2,5,0
GG,Single carcass,Scavenger,BA,ND,BEVU2,6,0
GG,Single carcass,Scavenger,BA,ND,BEVU2,7,0
GG,Single carcass,Scavenger,BA,ND,BEVU2,8,0
GG,Single carcass,Scavenger,BA,ND,BEVU2,9,0
GG,Single carcass,Scavenger,BA,ND,BEVU2,10,0
GG,Single carcass,Scavenger,AA,PY,BIOR,1,0
GG,Single carcass,Scavenger,AA,PY,BIOR,2,0
GG,Single carcass,Scavenger,AA,PY,BIOR,3,0
GG,Single carcass,Scavenger,AA,PY,BIOR,4,0
GG,Single carcass,Scavenger,AA,PY,BIOR,5,0
GG,Single carcass,Scavenger,AA,PY,BIOR,6,0
GG,Single carcass,Scavenger,AA,PY,BIOR,7,0
GG,Single carcass,Scavenger,AA,PY,BIOR,8,0
GG,Single carcass,Scavenger,AA,PY,BIOR,9,0
GG,Single carcass,Scavenger,AA,PY,BIOR,10,0
GG,Single carcass,Scavenger,AA,PD,HOVU,1,1
GG,Single carcass,Scavenger,AA,PD,HOVU,2,1
GG,Single carcass,Scavenger,AA,PD,HOVU,3,0
GG,Single carcass,Scavenger,AA,PD,HOVU,4,0
GG,Single carcass,Scavenger,AA,PD,HOVU,5,0
GG,Single carcass,Scavenger,AA,ND,BEVU2,1,1
GG,Single carcass,Scavenger,AA,ND,BEVU2,2,0
GG,Single carcass,Scavenger,AA,ND,BEVU2,3,0
GG,Single carcass,Scavenger,AA,ND,BEVU2,4,0
GG,Single carcass,Scavenger,AA,ND,BEVU2,5,0
GG,Single carcass,Scavenger,AA,ND,BEVU2,6,0
GG,Single carcass,Scavenger,AA,ND,BEVU2,7,0
GG,Single carcass,Scavenger,AA,ND,BEVU2,8,0
GG,Single carcass,Scavenger,AA,ND,BEVU2,9,0
GG,Single carcass,Scavenger,AA,ND,BEVU2,10,0
GG,Single carcass,Scavenger,AT,PY,BIOR,1,1
GG,Single carcass,Scavenger,AT,PY,BIOR,2,0
GG,Single carcass,Scavenger,AT,PY,BIOR,3,0
GG,Single carcass,Scavenger,AT,PY,BIOR,4,0
GG,Single carcass,Scavenger,AT,PY,BIOR,5,0
GG,Single carcass,Scavenger,AT,PY,BIOR,6,0
GG,Single carcass,Scavenger,AT,PY,BIOR,7,0
GG,Single carcass,Scavenger,AT,PY,BIOR,8,0
GG,Single carcass,Scavenger,AT,PY,BIOR,9,0
GG,Single carcass,Scavenger,AT,PY,BIOR,10,0
GG,Single carcass,Scavenger,AT,PD,HOVU,1,0
GG,Single carcass,Scavenger,AT,PD,HOVU,2,0
GG,Single carcass,Scavenger,AT,PD,HOVU,3,0
GG,Single carcass,Scavenger,AT,PD,HOVU,4,0
GG,Single carcass,Scavenger,AT,PD,HOVU,5,0
GG,Single carcass,Scavenger,AT,ND,BEVU2,1,1
GG,Single carcass,Scavenger,AT,ND,BEVU2,2,0
GG,Single carcass,Scavenger,AT,ND,BEVU2,3,0
GG,Single carcass,Scavenger,AT,ND,BEVU2,4,0
GG,Single carcass,Scavenger,AT,ND,BEVU2,5,0
GG,Single carcass,Scavenger,AT,ND,BEVU2,6,0
GG,Single carcass,Scavenger,AT,ND,BEVU2,7,0
GG,Single carcass,Scavenger,AT,ND,BEVU2,8,0
GG,Single carcass,Scavenger,AT,ND,BEVU2,9,0
GG,Single carcass,Scavenger,AT,ND,BEVU2,10,0
GG,MME,Scavenger,BU,PY,BIOR,1,1
GG,MME,Scavenger,BU,PY,BIOR,2,1
GG,MME,Scavenger,BU,PY,BIOR,3,1
GG,MME,Scavenger,BU,PY,BIOR,4,0
GG,MME,Scavenger,BU,PY,BIOR,5,0
GG,MME,Scavenger,BU,PY,BIOR,6,0
GG,MME,Scavenger,BU,PY,BIOR,7,0
GG,MME,Scavenger,BU,PY,BIOR,8,0
GG,MME,Scavenger,BU,PY,BIOR,9,0
GG,MME,Scavenger,BU,PY,BIOR,10,0
GG,MME,Scavenger,BU,PD,HOVU,1,1
GG,MME,Scavenger,BU,PD,HOVU,2,1
GG,MME,Scavenger,BU,PD,HOVU,3,1
GG,MME,Scavenger,BU,PD,HOVU,4,0
GG,MME,Scavenger,BU,PD,HOVU,5,0
GG,MME,Scavenger,BU,ND,BEVU2,1,1
GG,MME,Scavenger,BU,ND,BEVU2,2,0
GG,MME,Scavenger,BU,ND,BEVU2,3,0
GG,MME,Scavenger,BU,ND,BEVU2,4,0
GG,MME,Scavenger,BU,ND,BEVU2,5,0
GG,MME,Scavenger,BU,ND,BEVU2,6,0
GG,MME,Scavenger,BU,ND,BEVU2,7,0
GG,MME,Scavenger,BU,ND,BEVU2,8,0
GG,MME,Scavenger,BU,ND,BEVU2,9,0
GG,MME,Scavenger,BU,ND,BEVU2,10,0
GG,MME,Scavenger,BA,PY,BIOR,1,0
GG,MME,Scavenger,BA,PY,BIOR,2,0
GG,MME,Scavenger,BA,PY,BIOR,3,0
GG,MME,Scavenger,BA,PY,BIOR,4,0
GG,MME,Scavenger,BA,PY,BIOR,5,0
GG,MME,Scavenger,BA,PY,BIOR,6,0
GG,MME,Scavenger,BA,PY,BIOR,7,0
GG,MME,Scavenger,BA,PY,BIOR,8,0
GG,MME,Scavenger,BA,PY,BIOR,9,0
GG,MME,Scavenger,BA,PY,BIOR,10,0
GG,MME,Scavenger,BA,PD,HOVU,1,0
GG,MME,Scavenger,BA,PD,HOVU,2,0
GG,MME,Scavenger,BA,PD,HOVU,3,0
GG,MME,Scavenger,BA,PD,HOVU,4,0
GG,MME,Scavenger,BA,PD,HOVU,5,0
GG,MME,Scavenger,BA,ND,BEVU2,1,1
GG,MME,Scavenger,BA,ND,BEVU2,2,0
GG,MME,Scavenger,BA,ND,BEVU2,3,0
GG,MME,Scavenger,BA,ND,BEVU2,4,0
GG,MME,Scavenger,BA,ND,BEVU2,5,0
GG,MME,Scavenger,BA,ND,BEVU2,6,0
GG,MME,Scavenger,BA,ND,BEVU2,7,0
GG,MME,Scavenger,BA,ND,BEVU2,8,0
GG,MME,Scavenger,BA,ND,BEVU2,9,0
GG,MME,Scavenger,BA,ND,BEVU2,10,0
GG,MME,Scavenger,AA,PY,BIOR,1,1
GG,MME,Scavenger,AA,PY,BIOR,2,1
GG,MME,Scavenger,AA,PY,BIOR,3,0
GG,MME,Scavenger,AA,PY,BIOR,4,0
GG,MME,Scavenger,AA,PY,BIOR,5,0
GG,MME,Scavenger,AA,PY,BIOR,6,0
GG,MME,Scavenger,AA,PY,BIOR,7,0
GG,MME,Scavenger,AA,PY,BIOR,8,0
GG,MME,Scavenger,AA,PY,BIOR,9,0
GG,MME,Scavenger,AA,PY,BIOR,10,0
GG,MME,Scavenger,AA,PD,HOVU,1,1
GG,MME,Scavenger,AA,PD,HOVU,2,0
GG,MME,Scavenger,AA,PD,HOVU,3,0
GG,MME,Scavenger,AA,PD,HOVU,4,0
GG,MME,Scavenger,AA,PD,HOVU,5,0
GG,MME,Scavenger,AA,ND,BEVU2,1,1
GG,MME,Scavenger,AA,ND,BEVU2,2,1
GG,MME,Scavenger,AA,ND,BEVU2,3,1
GG,MME,Scavenger,AA,ND,BEVU2,4,1
GG,MME,Scavenger,AA,ND,BEVU2,5,1
GG,MME,Scavenger,AA,ND,BEVU2,6,1
GG,MME,Scavenger,AA,ND,BEVU2,7,1
GG,MME,Scavenger,AA,ND,BEVU2,8,0
GG,MME,Scavenger,AA,ND,BEVU2,9,0
GG,MME,Scavenger,AA,ND,BEVU2,10,0
GG,MME,Scavenger,AT,PY,BIOR,1,1
GG,MME,Scavenger,AT,PY,BIOR,2,1
GG,MME,Scavenger,AT,PY,BIOR,3,1
GG,MME,Scavenger,AT,PY,BIOR,4,0
GG,MME,Scavenger,AT,PY,BIOR,5,0
GG,MME,Scavenger,AT,PY,BIOR,6,0
GG,MME,Scavenger,AT,PY,BIOR,7,0
GG,MME,Scavenger,AT,PY,BIOR,8,0
GG,MME,Scavenger,AT,PY,BIOR,9,0
GG,MME,Scavenger,AT,PY,BIOR,10,0
GG,MME,Scavenger,AT,PD,HOVU,1,0
GG,MME,Scavenger,AT,PD,HOVU,2,0
GG,MME,Scavenger,AT,PD,HOVU,3,0
GG,MME,Scavenger,AT,PD,HOVU,4,0
GG,MME,Scavenger,AT,PD,HOVU,5,0
GG,MME,Scavenger,AT,ND,BEVU2,1,1
GG,MME,Scavenger,AT,ND,BEVU2,2,1
GG,MME,Scavenger,AT,ND,BEVU2,3,1
GG,MME,Scavenger,AT,ND,BEVU2,4,1
GG,MME,Scavenger,AT,ND,BEVU2,5,1
GG,MME,Scavenger,AT,ND,BEVU2,6,1
GG,MME,Scavenger,AT,ND,BEVU2,7,0
GG,MME,Scavenger,AT,ND,BEVU2,8,0
GG,MME,Scavenger,AT,ND,BEVU2,9,0
GG,MME,Scavenger,AT,ND,BEVU2,10,0
GG,MME,Herbivore,BU,PY,BIOR,1,0
GG,MME,Herbivore,BU,PY,BIOR,2,0
GG,MME,Herbivore,BU,PY,BIOR,3,0
GG,MME,Herbivore,BU,PY,BIOR,4,0
GG,MME,Herbivore,BU,PY,BIOR,5,0
GG,MME,Herbivore,BU,PY,BIOR,6,0
GG,MME,Herbivore,BU,PY,BIOR,7,0
GG,MME,Herbivore,BU,PY,BIOR,8,0
GG,MME,Herbivore,BU,PY,BIOR,9,0
GG,MME,Herbivore,BU,PY,BIOR,10,0
GG,MME,Herbivore,BU,PD,HOVU,1,1
GG,MME,Herbivore,BU,PD,HOVU,2,1
GG,MME,Herbivore,BU,PD,HOVU,3,1
GG,MME,Herbivore,BU,PD,HOVU,4,0
GG,MME,Herbivore,BU,PD,HOVU,5,0
GG,MME,Herbivore,BU,ND,BEVU2,1,0
GG,MME,Herbivore,BU,ND,BEVU2,2,0
GG,MME,Herbivore,BU,ND,BEVU2,3,0
GG,MME,Herbivore,BU,ND,BEVU2,4,0
GG,MME,Herbivore,BU,ND,BEVU2,5,0
GG,MME,Herbivore,BU,ND,BEVU2,6,0
GG,MME,Herbivore,BU,ND,BEVU2,7,0
GG,MME,Herbivore,BU,ND,BEVU2,8,0
GG,MME,Herbivore,BU,ND,BEVU2,9,0
GG,MME,Herbivore,BU,ND,BEVU2,10,0
GG,MME,Herbivore,BA,PY,BIOR,1,1
GG,MME,Herbivore,BA,PY,BIOR,2,1
GG,MME,Herbivore,BA,PY,BIOR,3,0
GG,MME,Herbivore,BA,PY,BIOR,4,0
GG,MME,Herbivore,BA,PY,BIOR,5,0
GG,MME,Herbivore,BA,PY,BIOR,6,0
GG,MME,Herbivore,BA,PY,BIOR,7,0
GG,MME,Herbivore,BA,PY,BIOR,8,0
GG,MME,Herbivore,BA,PY,BIOR,9,0
GG,MME,Herbivore,BA,PY,BIOR,10,0
GG,MME,Herbivore,BA,PD,HOVU,1,1
GG,MME,Herbivore,BA,PD,HOVU,2,1
GG,MME,Herbivore,BA,PD,HOVU,3,0
GG,MME,Herbivore,BA,PD,HOVU,4,0
GG,MME,Herbivore,BA,PD,HOVU,5,0
GG,MME,Herbivore,BA,ND,BEVU2,1,1
GG,MME,Herbivore,BA,ND,BEVU2,2,1
GG,MME,Herbivore,BA,ND,BEVU2,3,1
GG,MME,Herbivore,BA,ND,BEVU2,4,1
GG,MME,Herbivore,BA,ND,BEVU2,5,0
GG,MME,Herbivore,BA,ND,BEVU2,6,0
GG,MME,Herbivore,BA,ND,BEVU2,7,0
GG,MME,Herbivore,BA,ND,BEVU2,8,0
GG,MME,Herbivore,BA,ND,BEVU2,9,0
GG,MME,Herbivore,BA,ND,BEVU2,10,0
GG,MME,Herbivore,AA,PY,BIOR,1,0
GG,MME,Herbivore,AA,PY,BIOR,2,0
GG,MME,Herbivore,AA,PY,BIOR,3,0
GG,MME,Herbivore,AA,PY,BIOR,4,0
GG,MME,Herbivore,AA,PY,BIOR,5,0
GG,MME,Herbivore,AA,PY,BIOR,6,0
GG,MME,Herbivore,AA,PY,BIOR,7,0
GG,MME,Herbivore,AA,PY,BIOR,8,0
GG,MME,Herbivore,AA,PY,BIOR,9,0
GG,MME,Herbivore,AA,PY,BIOR,10,0
GG,MME,Herbivore,AA,PD,HOVU,1,0
GG,MME,Herbivore,AA,PD,HOVU,2,0
GG,MME,Herbivore,AA,PD,HOVU,3,0
GG,MME,Herbivore,AA,PD,HOVU,4,0
GG,MME,Herbivore,AA,PD,HOVU,5,0
GG,MME,Herbivore,AA,ND,BEVU2,1,1
GG,MME,Herbivore,AA,ND,BEVU2,2,1
GG,MME,Herbivore,AA,ND,BEVU2,3,1
GG,MME,Herbivore,AA,ND,BEVU2,4,1
GG,MME,Herbivore,AA,ND,BEVU2,5,1
GG,MME,Herbivore,AA,ND,BEVU2,6,1
GG,MME,Herbivore,AA,ND,BEVU2,7,1
GG,MME,Herbivore,AA,ND,BEVU2,8,1
GG,MME,Herbivore,AA,ND,BEVU2,9,1
GG,MME,Herbivore,AA,ND,BEVU2,10,1
GG,MME,Herbivore,AT,PY,BIOR,1,1
GG,MME,Herbivore,AT,PY,BIOR,2,1
GG,MME,Herbivore,AT,PY,BIOR,3,0
GG,MME,Herbivore,AT,PY,BIOR,4,0
GG,MME,Herbivore,AT,PY,BIOR,5,0
GG,MME,Herbivore,AT,PY,BIOR,6,0
GG,MME,Herbivore,AT,PY,BIOR,7,0
GG,MME,Herbivore,AT,PY,BIOR,8,0
GG,MME,Herbivore,AT,PY,BIOR,9,0
GG,MME,Herbivore,AT,PY,BIOR,10,0
GG,MME,Herbivore,AT,PD,HOVU,1,0
GG,MME,Herbivore,AT,PD,HOVU,2,0
GG,MME,Herbivore,AT,PD,HOVU,3,0
GG,MME,Herbivore,AT,PD,HOVU,4,0
GG,MME,Herbivore,AT,PD,HOVU,5,0
GG,MME,Herbivore,AT,ND,BEVU2,1,0
GG,MME,Herbivore,AT,ND,BEVU2,2,0
GG,MME,Herbivore,AT,ND,BEVU2,3,0
GG,MME,Herbivore,AT,ND,BEVU2,4,0
GG,MME,Herbivore,AT,ND,BEVU2,5,0
GG,MME,Herbivore,AT,ND,BEVU2,6,0
GG,MME,Herbivore,AT,ND,BEVU2,7,0
GG,MME,Herbivore,AT,ND,BEVU2,8,0
GG,MME,Herbivore,AT,ND,BEVU2,9,0
GG,MME,Herbivore,AT,ND,BEVU2,10,0
GG,MME,Open,BU,PY,BIOR,1,0
GG,MME,Open,BU,PY,BIOR,2,0
GG,MME,Open,BU,PY,BIOR,3,0
GG,MME,Open,BU,PY,BIOR,4,0
GG,MME,Open,BU,PY,BIOR,5,0
GG,MME,Open,BU,PY,BIOR,6,0
GG,MME,Open,BU,PY,BIOR,7,0
GG,MME,Open,BU,PY,BIOR,8,0
GG,MME,Open,BU,PY,BIOR,9,0
GG,MME,Open,BU,PY,BIOR,10,0
GG,MME,Open,BU,PD,HOVU,1,0
GG,MME,Open,BU,PD,HOVU,2,0
GG,MME,Open,BU,PD,HOVU,3,0
GG,MME,Open,BU,PD,HOVU,4,0
GG,MME,Open,BU,PD,HOVU,5,0
GG,MME,Open,BU,ND,BEVU2,1,1
GG,MME,Open,BU,ND,BEVU2,2,1
GG,MME,Open,BU,ND,BEVU2,3,0
GG,MME,Open,BU,ND,BEVU2,4,0
GG,MME,Open,BU,ND,BEVU2,5,0
GG,MME,Open,BU,ND,BEVU2,6,0
GG,MME,Open,BU,ND,BEVU2,7,0
GG,MME,Open,BU,ND,BEVU2,8,0
GG,MME,Open,BU,ND,BEVU2,9,0
GG,MME,Open,BU,ND,BEVU2,10,0
GG,MME,Open,BA,PY,BIOR,1,1
GG,MME,Open,BA,PY,BIOR,2,0
GG,MME,Open,BA,PY,BIOR,3,0
GG,MME,Open,BA,PY,BIOR,4,0
GG,MME,Open,BA,PY,BIOR,5,0
GG,MME,Open,BA,PY,BIOR,6,0
GG,MME,Open,BA,PY,BIOR,7,0
GG,MME,Open,BA,PY,BIOR,8,0
GG,MME,Open,BA,PY,BIOR,9,0
GG,MME,Open,BA,PY,BIOR,10,0
GG,MME,Open,BA,PD,HOVU,1,0
GG,MME,Open,BA,PD,HOVU,2,1
GG,MME,Open,BA,PD,HOVU,3,1
GG,MME,Open,BA,PD,HOVU,4,0
GG,MME,Open,BA,PD,HOVU,5,0
GG,MME,Open,BA,ND,BEVU2,1,1
GG,MME,Open,BA,ND,BEVU2,2,1
GG,MME,Open,BA,ND,BEVU2,3,0
GG,MME,Open,BA,ND,BEVU2,4,0
GG,MME,Open,BA,ND,BEVU2,5,0
GG,MME,Open,BA,ND,BEVU2,6,0
GG,MME,Open,BA,ND,BEVU2,7,0
GG,MME,Open,BA,ND,BEVU2,8,0
GG,MME,Open,BA,ND,BEVU2,9,0
GG,MME,Open,BA,ND,BEVU2,10,0
GG,MME,Open,AA,PY,BIOR,1,0
GG,MME,Open,AA,PY,BIOR,2,0
GG,MME,Open,AA,PY,BIOR,3,0
GG,MME,Open,AA,PY,BIOR,4,0
GG,MME,Open,AA,PY,BIOR,5,0
GG,MME,Open,AA,PY,BIOR,6,0
GG,MME,Open,AA,PY,BIOR,7,0
GG,MME,Open,AA,PY,BIOR,8,0
GG,MME,Open,AA,PY,BIOR,9,0
GG,MME,Open,AA,PY,BIOR,10,0
GG,MME,Open,AA,PD,HOVU,1,1
GG,MME,Open,AA,PD,HOVU,2,0
GG,MME,Open,AA,PD,HOVU,3,0
GG,MME,Open,AA,PD,HOVU,4,0
GG,MME,Open,AA,PD,HOVU,5,0
GG,MME,Open,AA,ND,BEVU2,1,1
GG,MME,Open,AA,ND,BEVU2,2,1
GG,MME,Open,AA,ND,BEVU2,3,1
GG,MME,Open,AA,ND,BEVU2,4,1
GG,MME,Open,AA,ND,BEVU2,5,1
GG,MME,Open,AA,ND,BEVU2,6,1
GG,MME,Open,AA,ND,BEVU2,7,1
GG,MME,Open,AA,ND,BEVU2,8,1
GG,MME,Open,AA,ND,BEVU2,9,1
GG,MME,Open,AA,ND,BEVU2,10,1
GG,MME,Open,AT,PY,BIOR,1,0
GG,MME,Open,AT,PY,BIOR,2,0
GG,MME,Open,AT,PY,BIOR,3,0
GG,MME,Open,AT,PY,BIOR,4,0
GG,MME,Open,AT,PY,BIOR,5,0
GG,MME,Open,AT,PY,BIOR,6,0
GG,MME,Open,AT,PY,BIOR,7,0
GG,MME,Open,AT,PY,BIOR,8,0
GG,MME,Open,AT,PY,BIOR,9,0
GG,MME,Open,AT,PY,BIOR,10,0
GG,MME,Open,AT,PD,HOVU,1,0
GG,MME,Open,AT,PD,HOVU,2,0
GG,MME,Open,AT,PD,HOVU,3,0
GG,MME,Open,AT,PD,HOVU,4,0
GG,MME,Open,AT,PD,HOVU,5,0
GG,MME,Open,AT,ND,BEVU2,1,1
GG,MME,Open,AT,ND,BEVU2,2,0
GG,MME,Open,AT,ND,BEVU2,3,0
GG,MME,Open,AT,ND,BEVU2,4,0
GG,MME,Open,AT,ND,BEVU2,5,0
GG,MME,Open,AT,ND,BEVU2,6,0
GG,MME,Open,AT,ND,BEVU2,7,0
GG,MME,Open,AT,ND,BEVU2,8,0
GG,MME,Open,AT,ND,BEVU2,9,0
GG,MME,Open,AT,ND,BEVU2,10,0
GG,Reference,Reference,A,PY,BIOR,1,1
GG,Reference,Reference,A,PY,BIOR,2,1
GG,Reference,Reference,A,PY,BIOR,3,0
GG,Reference,Reference,A,PY,BIOR,4,0
GG,Reference,Reference,A,PY,BIOR,5,0
GG,Reference,Reference,A,PY,BIOR,6,0
GG,Reference,Reference,A,PY,BIOR,7,0
GG,Reference,Reference,A,PY,BIOR,8,0
GG,Reference,Reference,A,PY,BIOR,9,0
GG,Reference,Reference,A,PY,BIOR,10,0
GG,Reference,Reference,A,PD,HOVU,1,0
GG,Reference,Reference,A,PD,HOVU,2,0
GG,Reference,Reference,A,PD,HOVU,3,0
GG,Reference,Reference,A,PD,HOVU,4,0
GG,Reference,Reference,A,PD,HOVU,5,0
GG,Reference,Reference,A,ND,BEVU2,1,0
GG,Reference,Reference,A,ND,BEVU2,2,0
GG,Reference,Reference,A,ND,BEVU2,3,0
GG,Reference,Reference,A,ND,BEVU2,4,0
GG,Reference,Reference,A,ND,BEVU2,5,0
GG,Reference,Reference,A,ND,BEVU2,6,0
GG,Reference,Reference,A,ND,BEVU2,7,0
GG,Reference,Reference,A,ND,BEVU2,8,0
GG,Reference,Reference,A,ND,BEVU2,9,0
GG,Reference,Reference,A,ND,BEVU2,10,0
GG,Reference,Reference,B,PY,BIOR,1,0
GG,Reference,Reference,B,PY,BIOR,2,0
GG,Reference,Reference,B,PY,BIOR,3,0
GG,Reference,Reference,B,PY,BIOR,4,0
GG,Reference,Reference,B,PY,BIOR,5,0
GG,Reference,Reference,B,PY,BIOR,6,0
GG,Reference,Reference,B,PY,BIOR,7,0
GG,Reference,Reference,B,PY,BIOR,8,0
GG,Reference,Reference,B,PY,BIOR,9,0
GG,Reference,Reference,B,PY,BIOR,10,0
GG,Reference,Reference,B,PD,HOVU,1,0
GG,Reference,Reference,B,PD,HOVU,2,0
GG,Reference,Reference,B,PD,HOVU,3,0
GG,Reference,Reference,B,PD,HOVU,4,1
GG,Reference,Reference,B,PD,HOVU,5,1
GG,Reference,Reference,B,ND,BEVU2,1,1
GG,Reference,Reference,B,ND,BEVU2,2,1
GG,Reference,Reference,B,ND,BEVU2,3,1
GG,Reference,Reference,B,ND,BEVU2,4,1
GG,Reference,Reference,B,ND,BEVU2,5,1
GG,Reference,Reference,B,ND,BEVU2,6,1
GG,Reference,Reference,B,ND,BEVU2,7,1
GG,Reference,Reference,B,ND,BEVU2,8,0
GG,Reference,Reference,B,ND,BEVU2,9,0
GG,Reference,Scavenger,B,ND,BEVU2,10,0
