Site,Plot,Treatment,Month,Day,Year,Date,Transect,Point,Species
DF,1,MS,7,20,2021,7/20/21,North,1,AECY
DF,1,MS,7,20,2021,7/20/21,North,2,BOCU
DF,1,MS,7,20,2021,7/20/21,North,2,AECY
DF,1,MS,7,20,2021,7/20/21,North,3,STYLO5
DF,1,MS,7,20,2021,7/20/21,North,3,AECY
DF,1,MS,7,20,2021,7/20/21,North,4,PANIC
DF,1,MS,7,20,2021,7/20/21,East,1,AECY
DF,1,MS,7,20,2021,7/20/21,East,2,AECY
DF,1,MS,7,20,2021,7/20/21,East,2,BOCU
DF,1,MS,7,20,2021,7/20/21,East,3,BOCU
DF,1,MS,7,20,2021,7/20/21,East,3,STYLO5
DF,1,MS,7,20,2021,7/20/21,East,4,PANIC
DF,1,MS,7,20,2021,7/20/21,South,1,AECY
DF,1,MS,7,20,2021,7/20/21,South,2,AMPS
DF,1,MS,7,20,2021,7/20/21,South,2,AECY
DF,1,MS,7,20,2021,7/20/21,South,3,STYLO5
DF,1,MS,7,20,2021,7/20/21,South,3,BOIS
DF,1,MS,7,20,2021,7/20/21,South,4,BOIS
DF,1,MS,7,20,2021,7/20/21,West,1,STYLO5
DF,1,MS,7,20,2021,7/20/21,West,2,STYLO5
DF,1,MS,7,20,2021,7/20/21,West,2,BRJA
DF,1,MS,7,20,2021,7/20/21,West,3,AECY
DF,1,MS,7,20,2021,7/20/21,West,3,STYLO5
DF,1,MS,7,20,2021,7/20/21,West,4,RAGGED
DF,2,CH,7,20,2021,7/20/21,North,1,BOIS
DF,2,CH,7,20,2021,7/20/21,North,1,BOIS
DF,2,CH,7,20,2021,7/20/21,North,1,OPUNT
DF,2,CH,7,20,2021,7/20/21,North,2,BOIS
DF,2,CH,7,20,2021,7/20/21,North,3,BOIS
DF,2,CH,7,20,2021,7/20/21,North,4,AECY
DF,2,CH,7,20,2021,7/20/21,North,4,BOCU
DF,2,CH,7,20,2021,7/20/21,East,1,BOIS
DF,2,CH,7,20,2021,7/20/21,East,2,BOIS
DF,2,CH,7,20,2021,7/20/21,East,2,LIT
DF,2,CH,7,20,2021,7/20/21,East,3,LIT
DF,2,CH,7,20,2021,7/20/21,East,4,BOIS
DF,2,CH,7,20,2021,7/20/21,South,1,AECY
DF,2,CH,7,20,2021,7/20/21,South,2,BRJA
DF,2,CH,7,20,2021,7/20/21,South,2,BOCU
DF,2,CH,7,20,2021,7/20/21,South,3,BOIS
DF,2,CH,7,20,2021,7/20/21,South,3,LIT
DF,2,CH,7,20,2021,7/20/21,South,4,BOIS
DF,2,CH,7,20,2021,7/20/21,South,4,AECY
DF,2,CH,7,20,2021,7/20/21,West,1,BOCU
DF,2,CH,7,20,2021,7/20/21,West,2,BOCU
DF,2,CH,7,20,2021,7/20/21,West,2,BOIS
DF,2,CH,7,20,2021,7/20/21,West,3,BOIS
DF,2,CH,7,20,2021,7/20/21,West,4,BOIS
DF,2,CH,7,20,2021,7/20/21,West,4,BRJA
DF,3,MH,7,20,2021,7/20/21,North,1,BRJA
DF,3,MH,7,20,2021,7/20/21,North,1,BOCU
DF,3,MH,7,20,2021,7/20/21,North,2,BRJA
DF,3,MH,7,20,2021,7/20/21,North,2,BOCU
DF,3,MH,7,20,2021,7/20/21,North,3,GLBI
DF,3,MH,7,20,2021,7/20/21,North,3,BRJA
DF,3,MH,7,20,2021,7/20/21,North,4,BRJA
DF,3,MH,7,20,2021,7/20/21,North,4,AMOR
DF,3,MH,7,20,2021,7/20/21,North,4,CROTON
DF,3,MH,7,20,2021,7/20/21,North,4,WIREASTER
DF,3,MH,7,20,2021,7/20/21,East,1,SIDA
DF,3,MH,7,20,2021,7/20/21,East,1,LEPIDIUM
DF,3,MH,7,20,2021,7/20/21,East,1,BRJA
DF,3,MH,7,20,2021,7/20/21,East,2,BRJA
DF,3,MH,7,20,2021,7/20/21,East,2,BOCU
DF,3,MH,7,20,2021,7/20/21,East,3,SIDA
DF,3,MH,7,20,2021,7/20/21,East,3,BOIS
DF,3,MH,7,20,2021,7/20/21,East,4,BOIS
DF,3,MH,7,20,2021,7/20/21,East,4,BOCU
DF,3,MH,7,20,2021,7/20/21,South,1,BRJA
DF,3,MH,7,20,2021,7/20/21,South,2,RIBS
DF,3,MH,7,20,2021,7/20/21,South,3,BRJA
DF,3,MH,7,20,2021,7/20/21,South,3,BOCU
DF,3,MH,7,20,2021,7/20/21,South,4,BRJA
DF,3,MH,7,20,2021,7/20/21,South,4,BOCU
DF,3,MH,7,20,2021,7/20/21,West,1,BRJA
DF,3,MH,7,20,2021,7/20/21,West,1,BOIS
DF,3,MH,7,20,2021,7/20/21,West,2,AMOR
DF,3,MH,7,20,2021,7/20/21,West,2,BOCU
DF,3,MH,7,20,2021,7/20/21,West,2,BRJA
DF,3,MH,7,20,2021,7/20/21,West,3,BRJA
DF,3,MH,7,20,2021,7/20/21,West,4,BRJA
DF,3,MH,7,20,2021,7/20/21,West,4,BOIS
DF,REF,REF,7,20,2021,7/20/21,North,1,ARPU
DF,REF,REF,7,20,2021,7/20/21,North,2,BOHI
DF,REF,REF,7,20,2021,7/20/21,North,3,CROTON
DF,REF,REF,7,20,2021,7/20/21,North,3,LIT
DF,REF,REF,7,20,2021,7/20/21,North,4,GREENTHREAD
DF,REF,REF,7,20,2021,7/20/21,North,4,LIT
DF,REF,REF,7,20,2021,7/20/21,East,1,BOCU
DF,REF,REF,7,20,2021,7/20/21,East,2,SIDA
DF,REF,REF,7,20,2021,7/20/21,East,3,CROTON
DF,REF,REF,7,20,2021,7/20/21,East,3,ARPU
DF,REF,REF,7,20,2021,7/20/21,East,4,BOIS
DF,REF,REF,7,20,2021,7/20/21,East,4,BOHI
DF,REF,REF,7,20,2021,7/20/21,South,1,BOCU
DF,REF,REF,7,20,2021,7/20/21,South,1,BG
DF,REF,REF,7,20,2021,7/20/21,South,2,BOCU
DF,REF,REF,7,20,2021,7/20/21,South,2,CROTON
DF,REF,REF,7,20,2021,7/20/21,South,3,CROTON
DF,REF,REF,7,20,2021,7/20/21,South,3,BOHI
DF,REF,REF,7,20,2021,7/20/21,South,4,BG
DF,REF,REF,7,20,2021,7/20/21,South,4,CROTON
DF,REF,REF,7,20,2021,7/20/21,West,1,BOCU
DF,REF,REF,7,20,2021,7/20/21,West,1,BRJA
DF,REF,REF,7,20,2021,7/20/21,West,2,BOCU
DF,REF,REF,7,20,2021,7/20/21,West,2,BIHI
DF,REF,REF,7,20,2021,7/20/21,West,3,BRJA
DF,REF,REF,7,20,2021,7/20/21,West,3,ARPU
DF,REF,REF,7,20,2021,7/20/21,West,4,SIDA
DF,REF,REF,7,20,2021,7/20/21,West,4,BOIS
DF,4,MO,7,20,2021,7/20/21,North,1,BOIS
DF,4,MO,7,20,2021,7/20/21,North,2,ARPU
DF,4,MO,7,20,2021,7/20/21,North,2,BOIS
DF,4,MO,7,20,2021,7/20/21,North,3,SGSC
DF,4,MO,7,20,2021,7/20/21,North,4,BRJA
DF,4,MO,7,20,2021,7/20/21,North,4,BOCU
DF,4,MO,7,20,2021,7/20/21,East,1,BRJA
DF,4,MO,7,20,2021,7/20/21,East,1,OPUNT
DF,4,MO,7,20,2021,7/20/21,East,2,RAGGED
DF,4,MO,7,20,2021,7/20/21,East,2,BOIS
DF,4,MO,7,20,2021,7/20/21,East,3,GAPU
DF,4,MO,7,20,2021,7/20/21,East,3,ARPU
DF,4,MO,7,20,2021,7/20/21,East,4,ARPU
DF,4,MO,7,20,2021,7/20/21,South,1,BOIS
DF,4,MO,7,20,2021,7/20/21,South,2,BOIS
DF,4,MO,7,20,2021,7/20/21,South,2,BRJA
DF,4,MO,7,20,2021,7/20/21,South,3,LIT
DF,4,MO,7,20,2021,7/20/21,South,4,CROTON
DF,4,MO,7,20,2021,7/20/21,South,4,COW PATTIE
DF,4,MO,7,20,2021,7/20/21,West,1,LIT
DF,4,MO,7,20,2021,7/20/21,West,1,BOIS
DF,4,MO,7,20,2021,7/20/21,West,2,BRJA
DF,4,MO,7,20,2021,7/20/21,West,3,BOCU
DF,4,MO,7,20,2021,7/20/21,West,4,BOIS
DF,4,MO,7,20,2021,7/20/21,West,4,SIDA
DF,5,CH,7,20,2021,7/20/21,North,1,BOIS
DF,5,CH,7,20,2021,7/20/21,North,2,BOIS
DF,5,CH,7,20,2021,7/20/21,North,3,BOIS
DF,5,CH,7,20,2021,7/20/21,North,4,BOIS
DF,5,CH,7,20,2021,7/20/21,East,1,BOIS
DF,5,CH,7,20,2021,7/20/21,East,2,BOIS
DF,5,CH,7,20,2021,7/20/21,East,3,BOIS
DF,5,CH,7,20,2021,7/20/21,East,4,BOIS
DF,5,CH,7,20,2021,7/20/21,East,4,AECY
DF,5,CH,7,20,2021,7/20/21,East,4,BOLA
DF,5,CH,7,20,2021,7/20/21,South,1,BRJA
DF,5,CH,7,20,2021,7/20/21,South,1,BOIS
DF,5,CH,7,20,2021,7/20/21,South,2,BRJA
DF,5,CH,7,20,2021,7/20/21,South,2,BOIS
DF,5,CH,7,20,2021,7/20/21,South,3,BRJA
DF,5,CH,7,20,2021,7/20/21,South,3,BOIS
DF,5,CH,7,20,2021,7/20/21,South,4,BOCU
DF,5,CH,7,20,2021,7/20/21,West,1,BRJA
DF,5,CH,7,20,2021,7/20/21,West,1,BOIS
DF,5,CH,7,20,2021,7/20/21,West,2,BOIS
DF,5,CH,7,20,2021,7/20/21,West,3,BOIS
DF,5,CH,7,20,2021,7/20/21,West,4,BOIS
DF,6,CO,7,20,2021,7/20/21,North,1,BOIS
DF,6,CO,7,20,2021,7/20/21,North,2,AECY
DF,6,CO,7,20,2021,7/20/21,North,2,BOCU
DF,6,CO,7,20,2021,7/20/21,North,3,BOIS
DF,6,CO,7,20,2021,7/20/21,North,4,BOCU
DF,6,CO,7,20,2021,7/20/21,North,4,OPUNT
DF,6,CO,7,20,2021,7/20/21,North,4,AECY
DF,6,CO,7,20,2021,7/20/21,East,1,BOCU
DF,6,CO,7,20,2021,7/20/21,East,2,AECY
DF,6,CO,7,20,2021,7/20/21,East,2,BOIS
DF,6,CO,7,20,2021,7/20/21,East,3,BOCU
DF,6,CO,7,20,2021,7/20/21,East,4,BOCU
DF,6,CO,7,20,2021,7/20/21,South,1,BOCU
DF,6,CO,7,20,2021,7/20/21,South,2,BOIS
DF,6,CO,7,20,2021,7/20/21,South,3,BOIS
DF,6,CO,7,20,2021,7/20/21,South,4,BOCU
DF,6,CO,7,20,2021,7/20/21,West,1,BOIS
DF,6,CO,7,20,2021,7/20/21,West,2,BOIS
DF,6,CO,7,20,2021,7/20/21,West,3,BOIS
DF,6,CO,7,20,2021,7/20/21,West,3,OPUNT
DF,6,CO,7,20,2021,7/20/21,West,4,BOIS
WP,1,MS,7,21,2021,7/21/21,North,1,BRJA
WP,1,MS,7,21,2021,7/21/21,North,1,BOCU
WP,1,MS,7,21,2021,7/21/21,North,2,BRJA
WP,1,MS,7,21,2021,7/21/21,North,2,BOCU
WP,1,MS,7,21,2021,7/21/21,North,3,BRJA
WP,1,MS,7,21,2021,7/21/21,North,3,GREENTHREAD
WP,1,MS,7,21,2021,7/21/21,North,4,GREENTHREAD
WP,1,MS,7,21,2021,7/21/21,North,4,BRJA
WP,1,MS,7,21,2021,7/21/21,North,4,OPUNT
WP,1,MS,7,21,2021,7/21/21,East,1,CROTON
WP,1,MS,7,21,2021,7/21/21,East,1,BOCU
WP,1,MS,7,21,2021,7/21/21,East,2,PANIC
WP,1,MS,7,21,2021,7/21/21,East,2,BRJA
WP,1,MS,7,21,2021,7/21/21,East,3,BOIS
WP,1,MS,7,21,2021,7/21/21,East,4,BOIS
WP,1,MS,7,21,2021,7/21/21,East,4,ERLO
WP,1,MS,7,21,2021,7/21/21,South,1,BRJA
WP,1,MS,7,21,2021,7/21/21,South,1,BOCU
WP,1,MS,7,21,2021,7/21/21,South,2,BRJA
WP,1,MS,7,21,2021,7/21/21,South,3,CROTON
WP,1,MS,7,21,2021,7/21/21,South,3,BOCU
WP,1,MS,7,21,2021,7/21/21,South,4,BOCU
WP,1,MS,7,21,2021,7/21/21,West,1,AMOR
WP,1,MS,7,21,2021,7/21/21,West,1,BOCU
WP,1,MS,7,21,2021,7/21/21,West,2,ENP
WP,1,MS,7,21,2021,7/21/21,West,2,BOCU
WP,1,MS,7,21,2021,7/21/21,West,2,BRJA
WP,1,MS,7,21,2021,7/21/21,West,3,GREENTHREAD
WP,1,MS,7,21,2021,7/21/21,West,3,MOSS
WP,1,MS,7,21,2021,7/21/21,West,3,BG
WP,1,MS,7,21,2021,7/21/21,West,4,BG
WP,2,CH,7,21,2021,7/21/21,North,1,GREENTHREAD
WP,2,CH,7,21,2021,7/21/21,North,2,ENPI
WP,2,CH,7,21,2021,7/21/21,North,2,BRJA
WP,2,CH,7,21,2021,7/21/21,North,3,BOCU
WP,2,CH,7,21,2021,7/21/21,North,3,BRJA
WP,2,CH,7,21,2021,7/21/21,North,4,GREENTHREAD
WP,2,CH,7,21,2021,7/21/21,North,4,BOIS
WP,2,CH,7,21,2021,7/21/21,East,1,GREENTHREAD
WP,2,CH,7,21,2021,7/21/21,East,1,BRJA
WP,2,CH,7,21,2021,7/21/21,East,1,BOCU
WP,2,CH,7,21,2021,7/21/21,East,2,BRJA
WP,2,CH,7,21,2021,7/21/21,East,2,BOCU
WP,2,CH,7,21,2021,7/21/21,East,3,BOCU
WP,2,CH,7,21,2021,7/21/21,East,3,AECY
WP,2,CH,7,21,2021,7/21/21,East,4,AECY
WP,2,CH,7,21,2021,7/21/21,East,4,BOCU
WP,2,CH,7,21,2021,7/21/21,South,1,DYLI
WP,2,CH,7,21,2021,7/21/21,South,2,BOCU
WP,2,CH,7,21,2021,7/21/21,South,2,GREENTHREAD
WP,2,CH,7,21,2021,7/21/21,South,3,BRJA
WP,2,CH,7,21,2021,7/21/21,South,3,BG
WP,2,CH,7,21,2021,7/21/21,South,3,SIDA
WP,2,CH,7,21,2021,7/21/21,South,4,OPUNT
WP,2,CH,7,21,2021,7/21/21,South,4,GREENTHREAD
WP,2,CH,7,21,2021,7/21/21,West,1,GREENTHREAD
WP,2,CH,7,21,2021,7/21/21,West,1,BOCU
WP,2,CH,7,21,2021,7/21/21,West,2,GREENTHREAD
WP,2,CH,7,21,2021,7/21/21,West,2,SENO
WP,2,CH,7,21,2021,7/21/21,West,3,DYLI
WP,2,CH,7,21,2021,7/21/21,West,3,DYLI
WP,2,CH,7,21,2021,7/21/21,West,4,BOCU
WP,2,CH,7,21,2021,7/21/21,West,4,GREENTHREAD
WP,3,MH,7,21,2021,7/21/21,North,1,LACE
WP,3,MH,7,21,2021,7/21/21,North,1,BRJA
WP,3,MH,7,21,2021,7/21/21,North,1,BOCU
WP,3,MH,7,21,2021,7/21/21,North,2,LACE
WP,3,MH,7,21,2021,7/21/21,North,2,BRJA
WP,3,MH,7,21,2021,7/21/21,North,3,DILO
WP,3,MH,7,21,2021,7/21/21,North,3,BRJA
WP,3,MH,7,21,2021,7/21/21,North,4,ENPI
WP,3,MH,7,21,2021,7/21/21,North,4,BRJA
WP,3,MH,7,21,2021,7/21/21,North,4,BOIS
WP,3,MH,7,21,2021,7/21/21,East,1,CROTON
WP,3,MH,7,21,2021,7/21/21,East,1,BOCU
WP,3,MH,7,21,2021,7/21/21,East,2,BOCU
WP,3,MH,7,21,2021,7/21/21,East,2,TB
WP,3,MH,7,21,2021,7/21/21,East,3,CROTON
WP,3,MH,7,21,2021,7/21/21,East,3,GREENTHREAD
WP,3,MH,7,21,2021,7/21/21,East,3,BOIS
WP,3,MH,7,21,2021,7/21/21,East,3,BOHI
WP,3,MH,7,21,2021,7/21/21,East,4,GREENTHREAD
WP,3,MH,7,21,2021,7/21/21,East,4,BOHI
WP,3,MH,7,21,2021,7/21/21,East,4,LIT
WP,3,MH,7,21,2021,7/21/21,South,1,BRJA
WP,3,MH,7,21,2021,7/21/21,South,2,BOCU
WP,3,MH,7,21,2021,7/21/21,South,2,AMOR
WP,3,MH,7,21,2021,7/21/21,South,3,BOCU
WP,3,MH,7,21,2021,7/21/21,South,3,BRJA
WP,3,MH,7,21,2021,7/21/21,South,4,BOHI
WP,3,MH,7,21,2021,7/21/21,South,4,BG
WP,3,MH,7,21,2021,7/21/21,South,4,MOSS
WP,3,MH,7,21,2021,7/21/21,West,1,CROTON
WP,3,MH,7,21,2021,7/21/21,West,1,BOCU
WP,3,MH,7,21,2021,7/21/21,West,2,LACE
WP,3,MH,7,21,2021,7/21/21,West,2,BRJA
WP,3,MH,7,21,2021,7/21/21,West,3,BRJA
WP,3,MH,7,21,2021,7/21/21,West,3,BOCU
WP,3,MH,7,21,2021,7/21/21,West,4,SIDA
WP,3,MH,7,21,2021,7/21/21,West,4,BOCU
WP,4,CO,7,21,2021,7/21/21,North,1,CROTON
WP,4,CO,7,21,2021,7/21/21,North,1,BOHI
WP,4,CO,7,21,2021,7/21/21,North,2,BOCU
WP,4,CO,7,21,2021,7/21/21,North,2,BG
WP,4,CO,7,21,2021,7/21/21,North,3,BOCU
WP,4,CO,7,21,2021,7/21/21,North,4,BOHI
WP,4,CO,7,21,2021,7/21/21,North,4,SIDA
WP,4,CO,7,21,2021,7/21/21,East,1,CROTON
WP,4,CO,7,21,2021,7/21/21,East,1,BG
WP,4,CO,7,21,2021,7/21/21,East,2,BG
WP,4,CO,7,21,2021,7/21/21,East,3,DYLI
WP,4,CO,7,21,2021,7/21/21,East,3,BRJA
WP,4,CO,7,21,2021,7/21/21,East,4,CROTON
WP,4,CO,7,21,2021,7/21/21,East,4,GREENT2
WP,4,CO,7,21,2021,7/21/21,South,1,GREENT2
WP,4,CO,7,21,2021,7/21/21,South,1,BOCU
WP,4,CO,7,21,2021,7/21/21,South,2,DICO
WP,4,CO,7,21,2021,7/21/21,South,2,BRJA
WP,4,CO,7,21,2021,7/21/21,South,2,TB
WP,4,CO,7,21,2021,7/21/21,South,3,BRJA
WP,4,CO,7,21,2021,7/21/21,South,3,BOCU
WP,4,CO,7,21,2021,7/21/21,South,4,BOHI
WP,4,CO,7,21,2021,7/21/21,South,4,ERLO
WP,4,CO,7,21,2021,7/21/21,West,1,CROTON
WP,4,CO,7,21,2021,7/21/21,West,1,ARPU
WP,4,CO,7,21,2021,7/21/21,West,2,CROTON
WP,4,CO,7,21,2021,7/21/21,West,2,BG
WP,4,CO,7,21,2021,7/21/21,West,3,BRJA
WP,4,CO,7,21,2021,7/21/21,West,3,ARPU
WP,4,CO,7,21,2021,7/21/21,West,3,MINT
WP,4,CO,7,21,2021,7/21/21,West,4,ARPU
WP,4,CO,7,21,2021,7/21/21,West,4,CROTON
WP,4,CO,7,21,2021,7/21/21,West,4,BG
WP,5,CS,7,21,2021,7/21/21,North,1,BOCU
WP,5,CS,7,21,2021,7/21/21,North,2,BOCU
WP,5,CS,7,21,2021,7/21/21,North,2,DYLI
WP,5,CS,7,21,2021,7/21/21,North,2,BG
WP,5,CS,7,21,2021,7/21/21,North,3,BOCU
WP,5,CS,7,21,2021,7/21/21,North,3,DYLI
WP,5,CS,7,21,2021,7/21/21,North,3,BG
WP,5,CS,7,21,2021,7/21/21,North,4,BOCU
WP,5,CS,7,21,2021,7/21/21,North,4,DYLI
WP,5,CS,7,21,2021,7/21/21,North,4,BG
WP,5,CS,7,21,2021,7/21/21,East,1,CROTON
WP,5,CS,7,21,2021,7/21/21,East,1,BOCU
WP,5,CS,7,21,2021,7/21/21,East,1,BG
WP,5,CS,7,21,2021,7/21/21,East,2,DICO
WP,5,CS,7,21,2021,7/21/21,East,2,LIT
WP,5,CS,7,21,2021,7/21/21,East,3,DICO
WP,5,CS,7,21,2021,7/21/21,East,4,DICO
WP,5,CS,7,21,2021,7/21/21,East,4,LIT
WP,5,CS,7,21,2021,7/21/21,South,1,BOCU
WP,5,CS,7,21,2021,7/21/21,South,1,LIT
WP,5,CS,7,21,2021,7/21/21,South,2,BOCU
WP,5,CS,7,21,2021,7/21/21,South,3,BOCU
WP,5,CS,7,21,2021,7/21/21,South,3,ARPU
WP,5,CS,7,21,2021,7/21/21,South,4,BOCU
WP,5,CS,7,21,2021,7/21/21,South,4,ARPU
WP,5,CS,7,21,2021,7/21/21,West,1,BRJA
WP,5,CS,7,21,2021,7/21/21,West,2,OPUNT
WP,5,CS,7,21,2021,7/21/21,West,2,BOCU
WP,5,CS,7,21,2021,7/21/21,West,3,DICO
WP,5,CS,7,21,2021,7/21/21,West,4,DICO
WP,6,MO,7,21,2021,7/21/21,North,1,BOCU
WP,6,MO,7,21,2021,7/21/21,North,1,BRJA
WP,6,MO,7,21,2021,7/21/21,North,2,BOHI
WP,6,MO,7,21,2021,7/21/21,North,2,BRJA
WP,6,MO,7,21,2021,7/21/21,North,3,LOVE
WP,6,MO,7,21,2021,7/21/21,North,3,SERO
WP,6,MO,7,21,2021,7/21/21,North,3,CROTON
WP,6,MO,7,21,2021,7/21/21,North,4,BRJA
WP,6,MO,7,21,2021,7/21/21,North,4,GREENT2
WP,6,MO,7,21,2021,7/21/21,East,1,BOCU
WP,6,MO,7,21,2021,7/21/21,East,2,BRJA
WP,6,MO,7,21,2021,7/21/21,East,2,BOCU
WP,6,MO,7,21,2021,7/21/21,East,2,LIT
WP,6,MO,7,21,2021,7/21/21,East,3,CROTON
WP,6,MO,7,21,2021,7/21/21,East,3,BRJA
WP,6,MO,7,21,2021,7/21/21,East,3,SIDA
WP,6,MO,7,21,2021,7/21/21,East,4,BRJA
WP,6,MO,7,21,2021,7/21/21,East,4,CROTON
WP,6,MO,7,21,2021,7/21/21,East,4,BG
WP,6,MO,7,21,2021,7/21/21,South,1,SIDA
WP,6,MO,7,21,2021,7/21/21,South,2,TB
WP,6,MO,7,21,2021,7/21/21,South,2,LIT
WP,6,MO,7,21,2021,7/21/21,South,3,CROTON
WP,6,MO,7,21,2021,7/21/21,South,3,GREENT2
WP,6,MO,7,21,2021,7/21/21,South,3,RIB
WP,6,MO,7,21,2021,7/21/21,South,3,LIT
WP,6,MO,7,21,2021,7/21/21,South,4,CROTON
WP,6,MO,7,21,2021,7/21/21,South,4,SIDA
WP,6,MO,7,21,2021,7/21/21,West,1,CROTON
WP,6,MO,7,21,2021,7/21/21,West,1,BRJA
WP,6,MO,7,21,2021,7/21/21,West,2,CROTON
WP,6,MO,7,21,2021,7/21/21,West,2,BRJA
WP,6,MO,7,21,2021,7/21/21,West,3,BOCU
WP,6,MO,7,21,2021,7/21/21,West,3,OPUNT
WP,6,MO,7,21,2021,7/21/21,West,4,BRJA
WP,6,MO,7,21,2021,7/21/21,West,4,SIDA
WP,6,MO,7,21,2021,7/21/21,West,4,BOCU
GG,REF,REF,7,21,2021,7/21/21,North,1,BOHI
GG,REF,REF,7,21,2021,7/21/21,North,2,BOCU
GG,REF,REF,7,21,2021,7/21/21,North,3,BOCU
GG,REF,REF,7,21,2021,7/21/21,North,3,AMPS
GG,REF,REF,7,21,2021,7/21/21,North,4,OPUNT
GG,REF,REF,7,21,2021,7/21/21,North,4,AECY
GG,REF,REF,7,21,2021,7/21/21,North,4,BOCU
GG,REF,REF,7,21,2021,7/21/21,East,1,BOHI
GG,REF,REF,7,21,2021,7/21/21,East,2,BOHI
GG,REF,REF,7,21,2021,7/21/21,East,3,ARPU
GG,REF,REF,7,21,2021,7/21/21,East,3,BG
GG,REF,REF,7,21,2021,7/21/21,East,4,BOHI
GG,REF,REF,7,21,2021,7/21/21,East,4,AECY
GG,REF,REF,7,21,2021,7/21/21,South,1,BOCU
GG,REF,REF,7,21,2021,7/21/21,South,2,ARPU
GG,REF,REF,7,21,2021,7/21/21,South,3,ARPU
GG,REF,REF,7,21,2021,7/21/21,South,3,BOHI
GG,REF,REF,7,21,2021,7/21/21,South,4,BOHI
GG,REF,REF,7,21,2021,7/21/21,South,4,BOCU
GG,REF,REF,7,21,2021,7/21/21,South,4,GAPU
GG,REF,REF,7,21,2021,7/21/21,West,1,CROTON
GG,REF,REF,7,21,2021,7/21/21,West,1,BOHI
GG,REF,REF,7,21,2021,7/21/21,West,2,BOHI
GG,REF,REF,7,21,2021,7/21/21,West,3,DICO
GG,REF,REF,7,21,2021,7/21/21,West,3,GREENTHREAD
GG,REF,REF,7,21,2021,7/21/21,West,4,BOLA
GG,REF,REF,7,21,2021,7/21/21,West,4,GREENTHREAD
GG,1,OC,7,21,2021,7/21/21,North,1,ARPU
GG,1,OC,7,21,2021,7/21/21,North,1,GREENTHREAD
GG,1,OC,7,21,2021,7/21/21,North,2,AECY
GG,1,OC,7,21,2021,7/21/21,North,2,GREENTHREAD
GG,1,OC,7,21,2021,7/21/21,North,3,BOCU
GG,1,OC,7,21,2021,7/21/21,North,3,GAPU
GG,1,OC,7,21,2021,7/21/21,North,3,BRJA
GG,1,OC,7,21,2021,7/21/21,North,4,BRJA
GG,1,OC,7,21,2021,7/21/21,North,4,BOCU
GG,1,OC,7,21,2021,7/21/21,East,1,GREENTHREAD
GG,1,OC,7,21,2021,7/21/21,East,1,LIT
GG,1,OC,7,21,2021,7/21/21,East,2,DICO2
GG,1,OC,7,21,2021,7/21/21,East,3,AECY
GG,1,OC,7,21,2021,7/21/21,East,3,BOHI
GG,1,OC,7,21,2021,7/21/21,East,3,GREENTHREAD
GG,1,OC,7,21,2021,7/21/21,East,3,SIDA
GG,1,OC,7,21,2021,7/21/21,East,4,DICO2
GG,1,OC,7,21,2021,7/21/21,East,4,BOHI
GG,1,OC,7,21,2021,7/21/21,South,1,GREENTHREAD
GG,1,OC,7,21,2021,7/21/21,South,2,GREENTHREAD
GG,1,OC,7,21,2021,7/21/21,South,2,AECY
GG,1,OC,7,21,2021,7/21/21,South,3,CROTON
GG,1,OC,7,21,2021,7/21/21,South,3,BG
GG,1,OC,7,21,2021,7/21/21,South,4,AECY
GG,1,OC,7,21,2021,7/21/21,West,1,BOHI
GG,1,OC,7,21,2021,7/21/21,West,1,GREENTHREAD
GG,1,OC,7,21,2021,7/21/21,West,2,AECY
GG,1,OC,7,21,2021,7/21/21,West,2,AMPS
GG,1,OC,7,21,2021,7/21/21,West,3,AECY
GG,1,OC,7,21,2021,7/21/21,West,3,DICO
GG,1,OC,7,21,2021,7/21/21,West,4,BOCU
GG,1,OC,7,21,2021,7/21/21,West,4,AECY
GG,1,OC,7,21,2021,7/21/21,West,4,DICO
GG,2,CH,7,21,2021,7/21/21,North,1,LASE
GG,2,CH,7,21,2021,7/21/21,North,1,DICO
GG,2,CH,7,21,2021,7/21/21,North,2,DICO
GG,2,CH,7,21,2021,7/21/21,North,2,TB
GG,2,CH,7,21,2021,7/21/21,North,3,BOCU
GG,2,CH,7,21,2021,7/21/21,North,4,BOCU
GG,2,CH,7,21,2021,7/21/21,North,4,AMPS
GG,2,CH,7,21,2021,7/21/21,East,1,GAPU
GG,2,CH,7,21,2021,7/21/21,East,1,AECY
GG,2,CH,7,21,2021,7/21/21,East,1,LASE
GG,2,CH,7,21,2021,7/21/21,East,2,ARPU
GG,2,CH,7,21,2021,7/21/21,East,2,LIT
GG,2,CH,7,21,2021,7/21/21,East,3,DICO
GG,2,CH,7,21,2021,7/21/21,East,4,DICO
GG,2,CH,7,21,2021,7/21/21,East,4,ARPU
GG,2,CH,7,21,2021,7/21/21,South,1,BRJA
GG,2,CH,7,21,2021,7/21/21,South,2,BOHI
GG,2,CH,7,21,2021,7/21/21,South,3,BOHI
GG,2,CH,7,21,2021,7/21/21,South,3,BRJA
GG,2,CH,7,21,2021,7/21/21,South,4,GAPU
GG,2,CH,7,21,2021,7/21/21,South,4,BRJA
GG,2,CH,7,21,2021,7/21/21,West,1,DICO
GG,2,CH,7,21,2021,7/21/21,West,1,BRJA
GG,2,CH,7,21,2021,7/21/21,West,2,DICO
GG,2,CH,7,21,2021,7/21/21,West,2,BRJA
GG,2,CH,7,21,2021,7/21/21,West,2,AMPS
GG,2,CH,7,21,2021,7/21/21,West,3,BOCU
GG,2,CH,7,21,2021,7/21/21,West,3,DICO
GG,2,CH,7,21,2021,7/21/21,West,4,AECY
GG,2,CH,7,21,2021,7/21/21,West,4,AMPS
GG,3,CS,7,21,2021,7/21/21,North,1,BOCU
GG,3,CS,7,21,2021,7/21/21,North,1,OPUNT
GG,3,CS,7,21,2021,7/21/21,North,1,GAPU
GG,3,CS,7,21,2021,7/21/21,North,2,GAPU
GG,3,CS,7,21,2021,7/21/21,North,2,GREENTHREAD
GG,3,CS,7,21,2021,7/21/21,North,2,BRJA
GG,3,CS,7,21,2021,7/21/21,North,2,ARPU
GG,3,CS,7,21,2021,7/21/21,North,3,GREENTHREAD
GG,3,CS,7,21,2021,7/21/21,North,3,BOHI
GG,3,CS,7,21,2021,7/21/21,North,3,BRJA
GG,3,CS,7,21,2021,7/21/21,North,4,CROTON
GG,3,CS,7,21,2021,7/21/21,North,4,ARPU
GG,3,CS,7,21,2021,7/21/21,East,1,GABI
GG,3,CS,7,21,2021,7/21/21,East,1,LIT
GG,3,CS,7,21,2021,7/21/21,East,2,BOCU
GG,3,CS,7,21,2021,7/21/21,East,2,BRJA
GG,3,CS,7,21,2021,7/21/21,East,3,BOCU
GG,3,CS,7,21,2021,7/21/21,East,4,BOCU
GG,3,CS,7,21,2021,7/21/21,East,4,AECY
GG,3,CS,7,21,2021,7/21/21,South,1,BOHI
GG,3,CS,7,21,2021,7/21/21,South,2,GAPU
GG,3,CS,7,21,2021,7/21/21,South,2,CROTON
GG,3,CS,7,21,2021,7/21/21,South,3,GAPU
GG,3,CS,7,21,2021,7/21/21,South,3,GREENT
GG,3,CS,7,21,2021,7/21/21,South,4,BASALASTER
GG,3,CS,7,21,2021,7/21/21,West,1,BOCU
GG,3,CS,7,21,2021,7/21/21,West,1,GREENT
GG,3,CS,7,21,2021,7/21/21,West,2,AECY
GG,3,CS,7,21,2021,7/21/21,West,3,ARPU
GG,3,CS,7,21,2021,7/21/21,West,3,BRJA
GG,3,CS,7,21,2021,7/21/21,West,4,GAPU
GG,3,CS,7,21,2021,7/21/21,West,4,BOHI
GG,3,CS,7,21,2021,7/21/21,West,4,ARPU
GG,4,MS,7,21,2021,7/21/21,North,1,BOCU
GG,4,MS,7,21,2021,7/21/21,North,1,GREENT
GG,4,MS,7,21,2021,7/21/21,North,2,TB
GG,4,MS,7,21,2021,7/21/21,North,2,BRJA
GG,4,MS,7,21,2021,7/21/21,North,2,DICO
GG,4,MS,7,21,2021,7/21/21,North,3,CROTON
GG,4,MS,7,21,2021,7/21/21,North,3,BOIS
GG,4,MS,7,21,2021,7/21/21,North,4,ARPU
GG,4,MS,7,21,2021,7/21/21,East,1,GREENT2
GG,4,MS,7,21,2021,7/21/21,East,1,BRJA
GG,4,MS,7,21,2021,7/21/21,East,2,GREENT
GG,4,MS,7,21,2021,7/21/21,East,3,GREENT
GG,4,MS,7,21,2021,7/21/21,East,3,BRJA
GG,4,MS,7,21,2021,7/21/21,East,4,ARPU
GG,4,MS,7,21,2021,7/21/21,South,1,BOCU
GG,4,MS,7,21,2021,7/21/21,South,1,GABI
GG,4,MS,7,21,2021,7/21/21,South,2,BRJA
GG,4,MS,7,21,2021,7/21/21,South,2,LIT
GG,4,MS,7,21,2021,7/21/21,South,2,PIG
GG,4,MS,7,21,2021,7/21/21,South,3,CROTON
GG,4,MS,7,21,2021,7/21/21,South,3,BOCU
GG,4,MS,7,21,2021,7/21/21,South,3,LIT
GG,4,MS,7,21,2021,7/21/21,South,4,BOCU
GG,4,MS,7,21,2021,7/21/21,South,4,SERO
GG,4,MS,7,21,2021,7/21/21,West,1,BRJA
GG,4,MS,7,21,2021,7/21/21,West,1,BOCU
GG,4,MS,7,21,2021,7/21/21,West,1,LIT
GG,4,MS,7,21,2021,7/21/21,West,2,BRJA
GG,4,MS,7,21,2021,7/21/21,West,2,BOCU
GG,4,MS,7,21,2021,7/21/21,West,3,BRJA
GG,4,MS,7,21,2021,7/21/21,West,3,BOCU
GG,4,MS,7,21,2021,7/21/21,West,4,BRJA
GG,4,MS,7,21,2021,7/21/21,West,4,BOCU
GG,4,MS,7,21,2021,7/21/21,West,4,OPUNT
GG,4,MS,7,21,2021,7/21/21,West,4,GREENT
GG,5,MH,7,21,2021,7/21/21,North,1,LASE
GG,5,MH,7,21,2021,7/21/21,North,1,AECY
GG,5,MH,7,21,2021,7/21/21,North,2,LASE
GG,5,MH,7,21,2021,7/21/21,North,2,BG
GG,5,MH,7,21,2021,7/21/21,North,3,LASE
GG,5,MH,7,21,2021,7/21/21,North,3,OPUNT
GG,5,MH,7,21,2021,7/21/21,North,4,LASE
GG,5,MH,7,21,2021,7/21/21,North,4,ARPU
GG,5,MH,7,21,2021,7/21/21,North,4,BG
GG,5,MH,7,21,2021,7/21/21,East,1,EUPE
GG,5,MH,7,21,2021,7/21/21,East,1,BG
GG,5,MH,7,21,2021,7/21/21,East,2,BINP
GG,5,MH,7,21,2021,7/21/21,East,2,RIB
GG,5,MH,7,21,2021,7/21/21,East,3,BRJA
GG,5,MH,7,21,2021,7/21/21,East,3,RIB
GG,5,MH,7,21,2021,7/21/21,East,4,WOODSORREL
GG,5,MH,7,21,2021,7/21/21,South,1,AECY
GG,5,MH,7,21,2021,7/21/21,South,2,AECY
GG,5,MH,7,21,2021,7/21/21,South,2,BRJA
GG,5,MH,7,21,2021,7/21/21,South,2,LASE
GG,5,MH,7,21,2021,7/21/21,South,3,LASE
GG,5,MH,7,21,2021,7/21/21,South,3,RIB
GG,5,MH,7,21,2021,7/21/21,South,3,BRJA
GG,5,MH,7,21,2021,7/21/21,South,4,LASE
GG,5,MH,7,21,2021,7/21/21,South,4,BRJA
GG,5,MH,7,21,2021,7/21/21,South,4,BOCU
GG,5,MH,7,21,2021,7/21/21,West,1,EUPE
GG,5,MH,7,21,2021,7/21/21,West,1,AECY
GG,5,MH,7,21,2021,7/21/21,West,2,LASE
GG,5,MH,7,21,2021,7/21/21,West,2,AECY
GG,5,MH,7,21,2021,7/21/21,West,3,LASE
GG,5,MH,7,21,2021,7/21/21,West,3,BRJA
GG,5,MH,7,21,2021,7/21/21,West,4,LASE
GG,5,MH,7,21,2021,7/21/21,West,4,OPUNT
GG,5,MH,7,21,2021,7/21/21,West,4,BRJA
GG,6,MO,7,21,2021,7/21/21,North,1,BOCU
GG,6,MO,7,21,2021,7/21/21,North,1,AECY
GG,6,MO,7,21,2021,7/21/21,North,1,AMPS
GG,6,MO,7,21,2021,7/21/21,North,2,AECY
GG,6,MO,7,21,2021,7/21/21,North,2,AMPS
GG,6,MO,7,21,2021,7/21/21,North,3,BRJA
GG,6,MO,7,21,2021,7/21/21,North,3,AMPS
GG,6,MO,7,21,2021,7/21/21,North,4,DICO
GG,6,MO,7,21,2021,7/21/21,North,4,AECY
GG,6,MO,7,21,2021,7/21/21,East,1,AMPS
GG,6,MO,7,21,2021,7/21/21,East,1,DICO
GG,6,MO,7,21,2021,7/21/21,East,2,AMPS
GG,6,MO,7,21,2021,7/21/21,East,2,DICO
GG,6,MO,7,21,2021,7/21/21,East,3,AMPS
GG,6,MO,7,21,2021,7/21/21,East,3,BOCU
GG,6,MO,7,21,2021,7/21/21,East,3,NEEDLE
GG,6,MO,7,21,2021,7/21/21,East,4,AMPS
GG,6,MO,7,21,2021,7/21/21,East,4,AECY
GG,6,MO,7,21,2021,7/21/21,South,1,AMPS
GG,6,MO,7,21,2021,7/21/21,South,1,AECY
GG,6,MO,7,21,2021,7/21/21,South,2,AMPS
GG,6,MO,7,21,2021,7/21/21,South,2,BOCU
GG,6,MO,7,21,2021,7/21/21,South,3,AMPS
GG,6,MO,7,21,2021,7/21/21,South,3,OPUNT
GG,6,MO,7,21,2021,7/21/21,South,3,DICO
GG,6,MO,7,21,2021,7/21/21,South,3,BRJA
GG,6,MO,7,21,2021,7/21/21,South,4,BRJA
GG,6,MO,7,21,2021,7/21/21,South,4,AMPS
GG,6,MO,7,21,2021,7/21/21,South,4,NEEDLE
GG,6,MO,7,21,2021,7/21/21,West,1,AMPS
GG,6,MO,7,21,2021,7/21/21,West,2,AMPS
GG,6,MO,7,21,2021,7/21/21,West,2,BOCU
GG,6,MO,7,21,2021,7/21/21,West,3,AMPS
GG,6,MO,7,21,2021,7/21/21,West,3,BOCU
GG,6,MO,7,21,2021,7/21/21,West,3,AECY
GG,6,MO,7,21,2021,7/21/21,West,4,AMPS
GG,6,MO,7,21,2021,7/21/21,West,4,BOCU
OS,REF,REF,7,21,2021,7/21/21,North,1,BOCU
OS,REF,REF,7,21,2021,7/21/21,North,1,AMPS
OS,REF,REF,7,21,2021,7/21/21,North,2,BOCU
OS,REF,REF,7,21,2021,7/21/21,North,2,AMPS
OS,REF,REF,7,21,2021,7/21/21,North,3,BOCU
OS,REF,REF,7,21,2021,7/21/21,North,3,AMPS
OS,REF,REF,7,21,2021,7/21/21,North,3,AECY
OS,REF,REF,7,21,2021,7/21/21,North,4,BOCU
OS,REF,REF,7,21,2021,7/21/21,North,4,AMPS
OS,REF,REF,7,21,2021,7/21/21,North,4,AECY
OS,REF,REF,7,21,2021,7/21/21,East,1,BOCU
OS,REF,REF,7,21,2021,7/21/21,East,1,AMPS
OS,REF,REF,7,21,2021,7/21/21,East,1,AECY
OS,REF,REF,7,21,2021,7/21/21,East,2,BOCU
OS,REF,REF,7,21,2021,7/21/21,East,2,AMPS
OS,REF,REF,7,21,2021,7/21/21,East,3,BOCU
OS,REF,REF,7,21,2021,7/21/21,East,3,AECY
OS,REF,REF,7,21,2021,7/21/21,East,4,BOHI
OS,REF,REF,7,21,2021,7/21/21,North,1,AMPS
OS,REF,REF,7,21,2021,7/21/21,South,1,AECY
OS,REF,REF,7,21,2021,7/21/21,South,2,BOCU
OS,REF,REF,7,21,2021,7/21/21,South,3,AMPS
OS,REF,REF,7,21,2021,7/21/21,South,3,BOCU
OS,REF,REF,7,21,2021,7/21/21,South,3,AECY
OS,REF,REF,7,21,2021,7/21/21,South,4,TB
OS,REF,REF,7,21,2021,7/21/21,South,4,AMPS
OS,REF,REF,7,21,2021,7/21/21,South,4,BOCU
OS,REF,REF,7,21,2021,7/21/21,West,1,BOCU
OS,REF,REF,7,21,2021,7/21/21,West,1,DICO
OS,REF,REF,7,21,2021,7/21/21,West,2,BOCU
OS,REF,REF,7,21,2021,7/21/21,West,2,AECY
OS,REF,REF,7,21,2021,7/21/21,West,3,BOCU
OS,REF,REF,7,21,2021,7/21/21,West,3,LIT
OS,REF,REF,7,21,2021,7/21/21,West,4,BOCU
OS,REF,REF,7,21,2021,7/21/21,West,4,LIT
OS,1,CS,7,21,2021,7/21/21,North,1,DICO
OS,1,CS,7,21,2021,7/21/21,North,1,PANICLE
OS,1,CS,7,21,2021,7/21/21,North,2,DICO
OS,1,CS,7,21,2021,7/21/21,North,2,BOCU
OS,1,CS,7,21,2021,7/21/21,North,3,DICO
OS,1,CS,7,21,2021,7/21/21,North,4,DICO
OS,1,CS,7,21,2021,7/21/21,North,4,BOCU
OS,1,CS,7,21,2021,7/21/21,East,1,DICO
OS,1,CS,7,21,2021,7/21/21,East,1,BOCU
OS,1,CS,7,21,2021,7/21/21,East,2,BRJA
OS,1,CS,7,21,2021,7/21/21,East,2,OPUNT
OS,1,CS,7,21,2021,7/21/21,East,2,BOCU
OS,1,CS,7,21,2021,7/21/21,East,3,BRJA
OS,1,CS,7,21,2021,7/21/21,East,3,OPUNT
OS,1,CS,7,21,2021,7/21/21,East,3,BOCU
OS,1,CS,7,21,2021,7/21/21,East,3,DICO
OS,1,CS,7,21,2021,7/21/21,East,4,DICO
OS,1,CS,7,21,2021,7/21/21,South,1,AMPS
OS,1,CS,7,21,2021,7/21/21,South,1,LIT
OS,1,CS,7,21,2021,7/21/21,South,2,DICO
OS,1,CS,7,21,2021,7/21/21,South,2,LIT
OS,1,CS,7,21,2021,7/21/21,South,2,AECY
OS,1,CS,7,21,2021,7/21/21,South,3,DICO
OS,1,CS,7,21,2021,7/21/21,South,3,LIT
OS,1,CS,7,21,2021,7/21/21,South,3,AECY
OS,1,CS,7,21,2021,7/21/21,South,4,DICO
OS,1,CS,7,21,2021,7/21/21,South,4,MILKWEED
OS,1,CS,7,21,2021,7/21/21,West,1,AMPS
OS,1,CS,7,21,2021,7/21/21,West,1,DICO
OS,1,CS,7,21,2021,7/21/21,West,2,AMPS
OS,1,CS,7,21,2021,7/21/21,West,2,BRJA
OS,1,CS,7,21,2021,7/21/21,West,3,AMPS
OS,1,CS,7,21,2021,7/21/21,West,3,AECY
OS,1,CS,7,21,2021,7/21/21,West,3,DICO
OS,1,CS,7,21,2021,7/21/21,West,4,AECY
OS,1,CS,7,21,2021,7/21/21,West,4,DICO
OS,2,CA,7,21,2021,7/21/21,North,1,DICO
OS,2,CA,7,21,2021,7/21/21,North,1,BOCU
OS,2,CA,7,21,2021,7/21/21,North,2,BOCU
OS,2,CA,7,21,2021,7/21/21,North,3,BRJA
OS,2,CA,7,21,2021,7/21/21,North,3,BOCU
OS,2,CA,7,21,2021,7/21/21,North,4,BRJA
OS,2,CA,7,21,2021,7/21/21,North,4,BOCU
OS,2,CA,7,21,2021,7/21/21,North,4,DICO
OS,2,CA,7,21,2021,7/21/21,East,1,BOSA
OS,2,CA,7,21,2021,7/21/21,East,1,DICO
OS,2,CA,7,21,2021,7/21/21,East,2,LIT
OS,2,CA,7,21,2021,7/21/21,East,2,DICO
OS,2,CA,7,21,2021,7/21/21,East,3,VEHA
OS,2,CA,7,21,2021,7/21/21,East,3,BOCU
OS,2,CA,7,21,2021,7/21/21,East,4,DICO
OS,2,CA,7,21,2021,7/21/21,East,4,BRJA
OS,2,CA,7,21,2021,7/21/21,South,1,BRJA
OS,2,CA,7,21,2021,7/21/21,South,1,AMPS
OS,2,CA,7,21,2021,7/21/21,South,1,DICO
OS,2,CA,7,21,2021,7/21/21,South,2,BOCU
OS,2,CA,7,21,2021,7/21/21,South,2,LIT
OS,2,CA,7,21,2021,7/21/21,South,3,DICO
OS,2,CA,7,21,2021,7/21/21,South,3,BRJA
OS,2,CA,7,21,2021,7/21/21,South,3,LIT
OS,2,CA,7,21,2021,7/21/21,South,4,BOCU
OS,2,CA,7,21,2021,7/21/21,West,1,DICO
OS,2,CA,7,21,2021,7/21/21,West,1,AECY
OS,2,CA,7,21,2021,7/21/21,West,1,BRJA
OS,2,CA,7,21,2021,7/21/21,West,2,DICO
OS,2,CA,7,21,2021,7/21/21,West,2,BOCU
OS,2,CA,7,21,2021,7/21/21,West,2,PANICLE
OS,2,CA,7,21,2021,7/21/21,West,3,AECY
OS,2,CA,7,21,2021,7/21/21,West,3,DICO
OS,2,CA,7,21,2021,7/21/21,West,3,LIT
OS,2,CA,7,21,2021,7/21/21,West,4,DICO
OS,2,CA,7,21,2021,7/21/21,West,4,LIT
OS,3,MS,7,21,2021,7/21/21,North,1,AMPS
OS,3,MS,7,21,2021,7/21/21,North,1,LIT
OS,3,MS,7,21,2021,7/21/21,North,2,AMPS
OS,3,MS,7,21,2021,7/21/21,North,2,BOHI
OS,3,MS,7,21,2021,7/21/21,North,3,AMPS
OS,3,MS,7,21,2021,7/21/21,North,3,AECY
OS,3,MS,7,21,2021,7/21/21,North,3,BRJA
OS,3,MS,7,21,2021,7/21/21,North,3,OPUNT
OS,3,MS,7,21,2021,7/21/21,North,4,AMPS
OS,3,MS,7,21,2021,7/21/21,North,4,BOHI
OS,3,MS,7,21,2021,7/21/21,East,1,AMPS
OS,3,MS,7,21,2021,7/21/21,East,1,LIT
OS,3,MS,7,21,2021,7/21/21,East,2,AMPS
OS,3,MS,7,21,2021,7/21/21,East,2,LIT
OS,3,MS,7,21,2021,7/21/21,East,3,BRJA
OS,3,MS,7,21,2021,7/21/21,East,3,BOCU
OS,3,MS,7,21,2021,7/21/21,East,4,GREENT2
OS,3,MS,7,21,2021,7/21/21,East,4,BG
OS,3,MS,7,21,2021,7/21/21,East,4,CROTON
OS,3,MS,7,21,2021,7/21/21,South,1,AMPS
OS,3,MS,7,21,2021,7/21/21,South,1,AECY
OS,3,MS,7,21,2021,7/21/21,South,1,BG
OS,3,MS,7,21,2021,7/21/21,South,2,AMPS
OS,3,MS,7,21,2021,7/21/21,South,2,BOCU
OS,3,MS,7,21,2021,7/21/21,South,3,LIT
OS,3,MS,7,21,2021,7/21/21,South,3,BOCU
OS,3,MS,7,21,2021,7/21/21,South,4,AMPS
OS,3,MS,7,21,2021,7/21/21,South,4,BG
OS,3,MS,7,21,2021,7/21/21,West,1,AMPS
OS,3,MS,7,21,2021,7/21/21,West,1,DICO
OS,3,MS,7,21,2021,7/21/21,West,1,BG
OS,3,MS,7,21,2021,7/21/21,West,2,AMPS
OS,3,MS,7,21,2021,7/21/21,West,2,DICO
OS,3,MS,7,21,2021,7/21/21,West,2,BRJA
OS,3,MS,7,21,2021,7/21/21,West,3,BRJA
OS,3,MS,7,21,2021,7/21/21,West,3,LIT
OS,3,MS,7,21,2021,7/21/21,West,4,PARON
OS,3,MS,7,21,2021,7/21/21,West,4,BRJA
OS,3,MS,7,21,2021,7/21/21,West,4,BOCU
OS,4,CO,7,21,2021,7/21/21,North,1,ARPU
OS,4,CO,7,21,2021,7/21/21,North,1,DICO
OS,4,CO,7,21,2021,7/21/21,North,2,DICO
OS,4,CO,7,21,2021,7/21/21,North,3,BOCU
OS,4,CO,7,21,2021,7/21/21,North,3,AECY
OS,4,CO,7,21,2021,7/21/21,North,4,AMPS
OS,4,CO,7,21,2021,7/21/21,North,4,AECY
OS,4,CO,7,21,2021,7/21/21,East,1,DICO
OS,4,CO,7,21,2021,7/21/21,East,2,DICO
OS,4,CO,7,21,2021,7/21/21,East,3,DICO
OS,4,CO,7,21,2021,7/21/21,East,3,AMPS
OS,4,CO,7,21,2021,7/21/21,East,4,DICO
OS,4,CO,7,21,2021,7/21/21,East,4,NEEDLE
OS,4,CO,7,21,2021,7/21/21,South,1,BOCU
OS,4,CO,7,21,2021,7/21/21,South,1,AMPS
OS,4,CO,7,21,2021,7/21/21,South,2,BOCU
OS,4,CO,7,21,2021,7/21/21,South,2,DICO
OS,4,CO,7,21,2021,7/21/21,South,3,BOSA
OS,4,CO,7,21,2021,7/21/21,South,3,LIT
OS,4,CO,7,21,2021,7/21/21,South,4,DICO
OS,4,CO,7,21,2021,7/21/21,South,4,DICO2
OS,4,CO,7,21,2021,7/21/21,West,1,DICO
OS,4,CO,7,21,2021,7/21/21,West,1,BOSA
OS,4,CO,7,21,2021,7/21/21,West,2,DICO
OS,4,CO,7,21,2021,7/21/21,West,2,LIT
OS,4,CO,7,21,2021,7/21/21,West,2,ARPU
OS,4,CO,7,21,2021,7/21/21,West,3,ARPU
OS,4,CO,7,21,2021,7/21/21,West,4,ARPU
OS,4,CO,7,21,2021,7/21/21,West,4,BOHI
OS,5,MO,7,21,2021,7/21/21,North,1,BOCU
OS,5,MO,7,21,2021,7/21/21,North,2,BOCU
OS,5,MO,7,21,2021,7/21/21,North,2,BRJA
OS,5,MO,7,21,2021,7/21/21,North,2,LIT
OS,5,MO,7,21,2021,7/21/21,North,3,AMPS
OS,5,MO,7,21,2021,7/21/21,North,3,LIT
OS,5,MO,7,21,2021,7/21/21,North,4,DICO
OS,5,MO,7,21,2021,7/21/21,North,4,BOCU
OS,5,MO,7,21,2021,7/21/21,North,4,LIT
OS,5,MO,7,21,2021,7/21/21,East,1,ERLO
OS,5,MO,7,21,2021,7/21/21,East,1,AMPS
OS,5,MO,7,21,2021,7/21/21,East,1,BOCU
OS,5,MO,7,21,2021,7/21/21,East,2,AMPS
OS,5,MO,7,21,2021,7/21/21,East,2,DICO
OS,5,MO,7,21,2021,7/21/21,East,3,BRJA
OS,5,MO,7,21,2021,7/21/21,East,3,BOCU
OS,5,MO,7,21,2021,7/21/21,East,4,BRJA
OS,5,MO,7,21,2021,7/21/21,East,4,BOCU
OS,5,MO,7,21,2021,7/21/21,South,4,AMPS
OS,5,MO,7,21,2021,7/21/21,South,1,AMPS
OS,5,MO,7,21,2021,7/21/21,South,1,SIDA
OS,5,MO,7,21,2021,7/21/21,South,1,OPUNT
OS,5,MO,7,21,2021,7/21/21,South,2,AMPS
OS,5,MO,7,21,2021,7/21/21,South,2,SIDA
OS,5,MO,7,21,2021,7/21/21,South,2,BOCU
OS,5,MO,7,21,2021,7/21/21,South,2,LIT
OS,5,MO,7,21,2021,7/21/21,South,3,BOCU
OS,5,MO,7,21,2021,7/21/21,South,3,ERLO
OS,5,MO,7,21,2021,7/21/21,South,3,AMPS
OS,5,MO,7,21,2021,7/21/21,South,4,AMPS
OS,5,MO,7,21,2021,7/21/21,South,4,SIDA
OS,5,MO,7,21,2021,7/21/21,South,4,AECY
OS,5,MO,7,21,2021,7/21/21,West,1,AMPS
OS,5,MO,7,21,2021,7/21/21,West,1,BRJA
OS,5,MO,7,21,2021,7/21/21,West,1,OPUNT
OS,5,MO,7,21,2021,7/21/21,West,2,AMPS
OS,5,MO,7,21,2021,7/21/21,West,2,OPUNT
OS,5,MO,7,21,2021,7/21/21,West,2,LIT
OS,5,MO,7,21,2021,7/21/21,West,3,AMPS
OS,5,MO,7,21,2021,7/21/21,West,3,BRJA
OS,5,MO,7,21,2021,7/21/21,West,3,BG
OS,5,MO,7,21,2021,7/21/21,West,4,THINAMPR
OS,5,MO,7,21,2021,7/21/21,West,4,CROTON
OS,5,MO,7,21,2021,7/21/21,West,4,BOHI
OS,6,MH,7,21,2021,7/21/21,North,1,DICO
OS,6,MH,7,21,2021,7/21/21,North,1,LIT
OS,6,MH,7,21,2021,7/21/21,North,2,BOCU
OS,6,MH,7,21,2021,7/21/21,North,2,AECY
OS,6,MH,7,21,2021,7/21/21,North,2,BRJA
OS,6,MH,7,21,2021,7/21/21,North,2,OPUNT
OS,6,MH,7,21,2021,7/21/21,North,3,BOCU
OS,6,MH,7,21,2021,7/21/21,North,3,AMPS
OS,6,MH,7,21,2021,7/21/21,North,3,LIT
OS,6,MH,7,21,2021,7/21/21,North,4,BOCU
OS,6,MH,7,21,2021,7/21/21,North,4,AMPS
OS,6,MH,7,21,2021,7/21/21,North,4,AECY
OS,6,MH,7,21,2021,7/21/21,East,1,AECY
OS,6,MH,7,21,2021,7/21/21,East,1,AMPS
OS,6,MH,7,21,2021,7/21/21,East,2,AMPS
OS,6,MH,7,21,2021,7/21/21,East,2,BRJA
OS,6,MH,7,21,2021,7/21/21,East,3,AECY
OS,6,MH,7,21,2021,7/21/21,East,3,BRJA
OS,6,MH,7,21,2021,7/21/21,East,3,DICO
OS,6,MH,7,21,2021,7/21/21,East,4,DICO
OS,6,MH,7,21,2021,7/21/21,East,4,AECY
OS,6,MH,7,21,2021,7/21/21,East,4,LIT
OS,6,MH,7,21,2021,7/21/21,South,1,DICO
OS,6,MH,7,21,2021,7/21/21,South,1,SERO
OS,6,MH,7,21,2021,7/21/21,South,2,LACE
OS,6,MH,7,21,2021,7/21/21,South,2,WOODSURFACE
OS,6,MH,7,21,2021,7/21/21,South,3,SIDA
OS,6,MH,7,21,2021,7/21/21,South,3,LACE
OS,6,MH,7,21,2021,7/21/21,South,3,RIBS
OS,6,MH,7,21,2021,7/21/21,South,4,BOCU
OS,6,MH,7,21,2021,7/21/21,West,4,BOHI
OS,6,MH,7,21,2021,7/21/21,West,1,DICO
OS,6,MH,7,21,2021,7/21/21,West,1,BRJA
OS,6,MH,7,21,2021,7/21/21,West,2,DICO
OS,6,MH,7,21,2021,7/21/21,West,2,BOCU
OS,6,MH,7,21,2021,7/21/21,West,2,LASE
OS,6,MH,7,21,2021,7/21/21,West,2,GASU
OS,6,MH,7,21,2021,7/21/21,West,3,LASE
OS,6,MH,7,21,2021,7/21/21,West,3,OPUNT
OS,6,MH,7,21,2021,7/21/21,West,3,BRJA
OS,6,MH,7,21,2021,7/21/21,West,4,DICO
OS,6,MH,7,21,2021,7/21/21,West,4,NEEDLE
OS,6,MH,7,21,2021,7/21/21,West,4,BOCU
WP,REF,REF,7,21,2021,7/21/21,North,1,BRJA
WP,REF,REF,7,21,2021,7/21/21,North,1,BOCU
WP,REF,REF,7,21,2021,7/21/21,North,2,BRJA
WP,REF,REF,7,21,2021,7/21/21,North,2,BOCU
WP,REF,REF,7,21,2021,7/21/21,North,3,AECY
WP,REF,REF,7,21,2021,7/21/21,North,3,BOCU
WP,REF,REF,7,21,2021,7/21/21,North,4,AECY
WP,REF,REF,7,21,2021,7/21/21,North,4,DYLI
WP,REF,REF,7,21,2021,7/21/21,East,1,BOHI
WP,REF,REF,7,21,2021,7/21/21,East,1,GREENT 
WP,REF,REF,7,21,2021,7/21/21,East,2,OPUNT
WP,REF,REF,7,21,2021,7/21/21,East,2,GREENT
WP,REF,REF,7,21,2021,7/21/21,East,3,BOCU
WP,REF,REF,7,21,2021,7/21/21,East,3,BRJA
WP,REF,REF,7,21,2021,7/21/21,East,3,LIT
WP,REF,REF,7,21,2021,7/21/21,East,4,BOCU
WP,REF,REF,7,21,2021,7/21/21,East,4,BRJA
WP,REF,REF,7,21,2021,7/21/21,East,4,LIT
WP,REF,REF,7,21,2021,7/21/21,South,1,BOCU
WP,REF,REF,7,21,2021,7/21/21,South,1,GREENT
WP,REF,REF,7,21,2021,7/21/21,South,2,BOCU
WP,REF,REF,7,21,2021,7/21/21,South,2,GREENT
WP,REF,REF,7,21,2021,7/21/21,South,2,LIT
WP,REF,REF,7,21,2021,7/21/21,South,3,BOHI
WP,REF,REF,7,21,2021,7/21/21,South,4,BOHI
WP,REF,REF,7,21,2021,7/21/21,South,4,NEEDLE
WP,REF,REF,7,21,2021,7/21/21,West,1,GAPU
WP,REF,REF,7,21,2021,7/21/21,West,1,BOCU
WP,REF,REF,7,21,2021,7/21/21,West,1,BRJA
WP,REF,REF,7,21,2021,7/21/21,West,2,BOCU
WP,REF,REF,7,21,2021,7/21/21,West,2,BRJA
WP,REF,REF,7,21,2021,7/21/21,West,3,BG
WP,REF,REF,7,21,2021,7/21/21,West,3,BRJA
WP,REF,REF,7,21,2021,7/21/21,West,4,DYLI
WP,REF,REF,7,21,2021,7/21/21,West,4,ERLO
WP,REF,REF,7,21,2021,7/21/21,West,4,AECY
WP,REF,REF,7,21,2021,7/21/21,West,4,BRJA